START TRANSACTION;

INSERT INTO categories (id, name, slug, description, image_path, active, sort_order, created_at)
VALUES
    (10,'TIRZ','tirz',NULL,NULL,1,1,'2025-11-02 08:49:32'),
    (11,'RETA','reta',NULL,NULL,1,0,'2025-11-02 08:49:37'),
    (12,'VITAMINA','vitamina',NULL,NULL,1,0,'2025-11-02 08:49:43'),
    (13,'SUPLEMENTO','suplemento',NULL,NULL,1,0,'2025-11-02 08:49:51'),
    (14,'Analgésicos','analgesicos','Medicamentos para alívio de dores e febres',NULL,1,0,'2025-11-05 15:29:02'),
    (15,'Antibióticos','antibioticos','Medicamentos para combate a infecções',NULL,1,0,'2025-11-05 15:29:02'),
    (16,'Anti-inflamatórios','anti-inflamatorios','Medicamentos para redução de inflamações',NULL,1,0,'2025-11-05 15:29:02'),
    (17,'Suplementos','suplementos','Vitaminas e suplementos alimentares',NULL,1,0,'2025-11-05 15:29:02'),
    (18,'Digestivos','digestivos','Medicamentos para problemas digestivos',NULL,1,0,'2025-11-05 15:29:02'),
    (19,'Cardiovasculares','cardiovasculares','Medicamentos para coração e pressão',NULL,1,0,'2025-11-05 15:29:02'),
    (20,'Respiratórios','respiratorios','Medicamentos para problemas respiratórios',NULL,1,0,'2025-11-05 15:29:02'),
    (21,'Dermatológicos','dermatologicos','Medicamentos para pele',NULL,1,0,'2025-11-05 15:29:02'),
    (22,'Anticoncepcionais','anticoncepcionais','Medicamentos anticoncepcionais',NULL,1,0,'2025-11-05 15:29:02')
ON DUPLICATE KEY UPDATE name=VALUES(name), description=VALUES(description), image_path=VALUES(image_path), active=VALUES(active), sort_order=VALUES(sort_order), created_at=VALUES(created_at);

INSERT INTO customers (id, first_name, last_name, name, email, phone, address, address2, city, state, zipcode, country, created_at)
VALUES
    (1,'MIke','lins','MIke lins','mike@Mmlins.com','38383838383','massashuts',NULL,'','','57100','BR','2025-11-02 09:07:26'),
    (2,'Larissa','','Larissa','larissa_carvalho_20@hotmail.com','8572870826','350 highland Avenue apt32',NULL,'','','02148','BR','2025-11-02 13:57:33'),
    (3,'Edson','Jeronimo filho','Edson Jeronimo filho','edson.montec@gmail.com','011990121998','Rua Maria de Jesus Medeiros Quitéria n⁰15',NULL,'','','09371-078','BR','2025-11-02 14:46:29'),
    (4,'Mario','Lana','Mario Lana','mariolana78@hotmail.com','9783323492','13 Prospect hts, Milford MA',NULL,'','','01757','BR','2025-11-02 18:14:03'),
    (5,'Cristiano','pereira','Cristiano pereira','juliaribeiroamorim@icloud.com','9785967625','136 chapel st',NULL,'','','01852','BR','2025-11-02 21:30:41'),
    (6,'Galba','carvalho','Galba carvalho','galbacarvalho1972@icloud.com','5083958623','49 pond st Natick Ma',NULL,'','','01760','BR','2025-11-03 12:31:57'),
    (7,'Galba','carvalho','Galba carvalho','galbacarvalho1972@icloud.com','5083958623','49 pond st Natick Ma',NULL,'','','01760','BR','2025-11-03 12:35:23'),
    (8,'marcos','','marcos','markim2025@gmail.com','5615066204','2273 deer creek alba way',NULL,'','','33442','BR','2025-11-04 00:38:33'),
    (9,'Ana','bianchi','Ana bianchi','anabianchi222@gmail.com','7744056129','165 ames st , Marlborough MA 01752 , unit 3009',NULL,'','','01752','BR','2025-11-04 00:41:40'),
    (10,'Peter','Parker','Peter Parker','john.greeeeeen@gmail.com','559551583801','R. Brg. Tobias, 527. SP Brazil',NULL,'','','01032-001','BR','2025-11-04 02:26:06'),
    (11,'teste','','teste','mike@mmlins.com.br','82996669740','03 Travessa intendente Julio Calheiros',NULL,'','','57100-000','BR','2025-11-04 13:07:58'),
    (12,'teste2mike','','teste2mike','mike@mmlins.com.br','82996669740','03 Travessa intendente Julio Calheiros',NULL,'','','57100-000','BR','2025-11-04 13:12:34'),
    (13,'miketeste23','','miketeste23','mike@mmlins.com.br','82996669740','03 Travessa intendente Julio Calheiros',NULL,'','','57100-000','BR','2025-11-04 13:15:19'),
    (14,'Ronielly','O Silva','Ronielly O Silva','roniellyosilva@gmail.com','561 6744746','147 N Hampton Dr',NULL,'','','33897','BR','2025-11-04 14:23:04'),
    (15,'Ronielly','O Silva','Ronielly O Silva','roniellyosilva@gmail.com','561 674 4746','147 N Hampton Dr',NULL,'','','33897','BR','2025-11-04 14:25:02'),
    (16,'Welisson','Dougras de Melo','Welisson Dougras de Melo','welissondougras78@gmail.com','7743600357','969 W Main Rd Apt: 4402',NULL,'','','02842','BR','2025-11-04 17:17:10'),
    (17,'Nuliandra','','Nuliandra','nulialves19@gmail.com','9785695781','42 union st lowell',NULL,'','','01852','BR','2025-11-04 23:41:27'),
    (18,'Fabiana','','Fabiana','fahmartins31@gmail.com','9788968994','9 Emerson st Peabody',NULL,'','','01960','BR','2025-11-05 00:35:30'),
    (19,'Bruno','Siqueira Lage','Bruno Siqueira Lage','brunoslage13@gmail.com','7743861304','20 florence st Milford Massachusetts',NULL,'','','01757','BR','2025-11-05 01:25:57'),
    (20,'Rodrigo','F Silva','Rodrigo F Silva','xrodrigof@hotmail.com','7743223638','8 Maple st  apt 5',NULL,'','','01756','BR','2025-11-05 02:36:52'),
    (21,'Renato','','Renato','renatocesarazevedo@hotmail.com','8575045859','3 valley view way',NULL,'','','01464','BR','2025-11-05 07:38:32'),
    (22,'Michele','Araújo','Michele Araújo','micheledearaujo29@yahoo.com.br','8135851024','12309 Hawthorne view court',NULL,'','','33626','BR','2025-11-05 15:55:55'),
    (23,'Thiago','','Thiago','galvaobthiago@gmail.com','3132963164','19756 Haggerty rd, apt 137, Livonia, MI',NULL,'','','48152','BR','2025-11-05 16:50:50'),
    (24,'SIMY','TOBELEM SILVA','SIMY TOBELEM SILVA','simytobelem@yahoo.com','5619299618','652 Pisa pass, bldg 45',NULL,'','','33897','BR','2025-11-05 19:11:33'),
    (25,'SIMY','TOBELEM SILVA','SIMY TOBELEM SILVA','SIMYTOBELEM@YAHOO.COM','5619299618','652 PISA PASS\\r\\nbldg 45',NULL,'','','33897','BR','2025-11-05 19:14:25'),
    (26,'Evelyn','Camargo','Evelyn Camargo','evelyn.camargo95@hotmail.com','9098198684','9079 whirlaway ct rancho cucamonga, ca',NULL,'','','91737','BR','2025-11-05 19:32:53'),
    (27,'Ana','Maria Borges Coelho','Ana Maria  Borges Coelho','anamaria.gomesborges@gmail.com','+1(978)3936700','7 Esquire Circle #3\\r\\nPeabody  MA 01960\\r\\nEstados Unidos',NULL,'','','01960','BR','2025-11-05 19:34:00'),
    (28,'Evelyn','Camargo','Evelyn Camargo','evelyn.camargo95@hotmail.com','9098198684','9079 whirlaway ct rancho cucamonga, ca 91737',NULL,'','','91737','BR','2025-11-05 19:35:41')
ON DUPLICATE KEY UPDATE first_name=VALUES(first_name), last_name=VALUES(last_name), name=VALUES(name), email=VALUES(email), phone=VALUES(phone), address=VALUES(address), address2=VALUES(address2), city=VALUES(city), state=VALUES(state), zipcode=VALUES(zipcode), country=VALUES(country);

INSERT INTO products (id, category_id, sku, slug, name, description, price, price_compare, currency, shipping_cost, stock, image_path, square_payment_link, square_credit_link, square_debit_link, square_afterpay_link, stripe_payment_link, active, featured, meta_title, meta_description, created_at, updated_at)
VALUES
    (13,11,'TIRZ-001','tirz-001','TIRZ 20 – Tirzepatide 20mg','Tirzepatide 20mg para tratamento',250,320,'USD',0,100,'https://store.nestgeneralservices.company/wp-content/uploads/2025/09/20.png','https://square.link/u/KvS3pgmm','https://square.link/u/KvS3pgmm','https://square.link/u/KvS3pgmm','https://square.link/u/KvS3pgmm','',1,1,NULL,NULL,'2025-11-02 08:48:03','2025-11-05 19:16:50'),
    (78,NULL,'TIRZ-002','tirz-002','TIRZ 30 – Tirzepatide 30mg','Tirzepatide 30mg para tratamento',370,NULL,'USD',7,100,'https://store.nestgeneralservices.company/wp-content/uploads/2025/09/30.png','https://square.link/u/l9KQMPhT','','','','',1,0,NULL,NULL,'2025-11-05 16:08:42','2025-11-05 16:29:21'),
    (79,NULL,'TIRZ-003','tirz-003','TIRZ 15 – Tirzepatide 15mg','Tirzepatide 15mg para tratamento',280,NULL,'USD',7,100,'https://store.nestgeneralservices.company/wp-content/uploads/2025/09/15.png','https://square.link/u/ItAGrpHg','','','','',1,0,NULL,NULL,'2025-11-05 16:08:42','2025-11-05 16:29:21'),
    (80,NULL,'TIRZ-004','tirz-004','TIRZ 40 – Tirzepatide 40mg','Tirzepatide 40mg para tratamento',420,NULL,'USD',7,100,'https://store.nestgeneralservices.company/wp-content/uploads/2025/09/40.png','https://square.link/u/cilVU3dw','','','','',1,0,NULL,NULL,'2025-11-05 16:08:42','2025-11-05 16:29:21'),
    (81,NULL,'TIRZ-005','tirz-005','TIRZ 60 – Tirzepatide 60mg','Tirzepatide 60mg para tratamento',520,NULL,'USD',7,100,'https://store.nestgeneralservices.company/wp-content/uploads/2025/08/ChatGPT-Image-16-de-set.-de-2025-18_21_31.png','https://square.link/u/A69ku30z','','','','',1,0,NULL,NULL,'2025-11-05 16:08:42','2025-11-05 16:29:21'),
    (82,NULL,'VIT-001','vit-001','Vitamina B12 0.5MG / 2ML','Vitamina B12 injetável',15,NULL,'USD',7,100,'https://store.nestgeneralservices.company/wp-content/uploads/2025/09/b12.png','','','','','',1,0,NULL,NULL,'2025-11-05 16:08:42','2025-11-05 16:08:42'),
    (83,NULL,'MIX-001','mix-001','Mix Shot Burner -10ml','Mix Shot Burner queimador de gordura',160,NULL,'USD',7,100,'https://store.nestgeneralservices.company/wp-content/uploads/2025/08/ChatGPT-Image-17-de-set.-de-2025-15_59_05.png','','','','','',1,0,NULL,NULL,'2025-11-05 16:08:42','2025-11-05 16:08:42'),
    (84,NULL,'VIT-003','vit-003','Vitamina D - 10mg - 2000 ui','Vitamina D 2000 UI',30,NULL,'USD',7,100,'https://store.nestgeneralservices.company/wp-content/uploads/2025/09/vitamina-d.png','','','','','',1,0,NULL,NULL,'2025-11-05 16:08:42','2025-11-05 16:08:42'),
    (85,NULL,'TIRZ-006','tirz-006','TIRZ 50 – Tirzepatide 50mg','Tirzepatide 50mg para tratamento',470,NULL,'USD',7,100,'https://store.nestgeneralservices.company/wp-content/uploads/2025/09/ChatGPT-Image-16-de-set.-de-2025-18_13_33.png','https://square.link/u/DJIjLR9j','','','','',1,0,NULL,NULL,'2025-11-05 16:08:42','2025-11-05 16:29:21'),
    (86,NULL,'RETA-001','reta-001','RETA 15 – Retatrutide 15mg','Retatrutide 15mg para tratamento',320,NULL,'USD',7,10,'https://store.nestgeneralservices.company/wp-content/uploads/2025/09/15-1.png','https://square.link/u/6ljvNcEz','','','','',1,0,NULL,NULL,'2025-11-05 16:08:42','2025-11-05 16:29:21'),
    (87,14,'RETA-002','reta-002','RETA 20 – Retatrutide 20mg','Retatrutide 20mg para tratamento',250,370,'USD',0,9,'https://store.nestgeneralservices.company/wp-content/uploads/2025/09/20-1.png','https://square.link/u/pLTeZbVf','','','','',1,0,NULL,NULL,'2025-11-05 16:08:42','2025-11-05 19:09:51'),
    (88,NULL,'RETA-003','reta-003','RETA 30 – Retatrutide 30mg','Retatrutide 30mg para tratamento',420,NULL,'USD',7,10,'https://store.nestgeneralservices.company/wp-content/uploads/2025/09/30-1.png','https://square.link/u/b7X2o6jP','','','','',1,0,NULL,NULL,'2025-11-05 16:08:42','2025-11-05 16:29:21'),
    (89,NULL,'RETA-004','reta-004','RETA 40 – Retatrutide 40mg','Retatrutide 40mg para tratamento',470,NULL,'USD',7,10,'https://store.nestgeneralservices.company/wp-content/uploads/2025/09/40-1.png','https://square.link/u/kFzMe83r','','','','',1,0,NULL,NULL,'2025-11-05 16:08:42','2025-11-05 16:29:21'),
    (90,NULL,'RETA-005','reta-005','RETA 50 – Retatrutide 50mg','Retatrutide 50mg para tratamento',520,NULL,'USD',7,10,'https://store.nestgeneralservices.company/wp-content/uploads/2025/09/50.png','https://square.link/u/iu5LpABj','','','','',1,0,NULL,NULL,'2025-11-05 16:08:42','2025-11-05 16:29:21'),
    (91,NULL,'STER-001','ster-001','Sterile Water','Água estéril para diluição',10,NULL,'USD',7,100,'https://store.nestgeneralservices.company/wp-content/uploads/2025/09/ChatGPT-Image-17-de-set.-de-2025-15_49_15.png','','','','','',1,0,NULL,NULL,'2025-11-05 16:08:42','2025-11-05 16:29:21')
ON DUPLICATE KEY UPDATE category_id=VALUES(category_id), sku=VALUES(sku), slug=VALUES(slug), name=VALUES(name), description=VALUES(description), price=VALUES(price), price_compare=VALUES(price_compare), currency=VALUES(currency), shipping_cost=VALUES(shipping_cost), stock=VALUES(stock), image_path=VALUES(image_path), square_payment_link=VALUES(square_payment_link), square_credit_link=VALUES(square_credit_link), square_debit_link=VALUES(square_debit_link), square_afterpay_link=VALUES(square_afterpay_link), stripe_payment_link=VALUES(stripe_payment_link), active=VALUES(active), featured=VALUES(featured), meta_title=VALUES(meta_title), meta_description=VALUES(meta_description), created_at=VALUES(created_at), updated_at=VALUES(updated_at);

INSERT INTO product_details (product_id, short_description, detailed_description, specs_json, additional_info, payment_conditions, delivery_info, media_gallery, video_url)
SELECT src.*
FROM (
    SELECT 13 AS product_id,'Tirzepatide 20mg para tratamento' AS short_description,'Tirzepatide 20mg para tratamento' AS detailed_description,'[]' AS specs_json,NULL AS additional_info,NULL AS payment_conditions,NULL AS delivery_info,'[{"path":"https:\\/\\/store.nestgeneralservices.company\\/wp-content\\/uploads\\/2025\\/09\\/20.png","alt":"TIRZ 20 – Tirzepatide 20mg"}]' AS media_gallery,NULL AS video_url
UNION ALL
    SELECT 78 AS product_id,'Tirzepatide 30mg para tratamento' AS short_description,'Tirzepatide 30mg para tratamento' AS detailed_description,'[]' AS specs_json,NULL AS additional_info,NULL AS payment_conditions,NULL AS delivery_info,'[{"path":"https:\\/\\/store.nestgeneralservices.company\\/wp-content\\/uploads\\/2025\\/09\\/30.png","alt":"TIRZ 30 – Tirzepatide 30mg"}]' AS media_gallery,NULL AS video_url
UNION ALL
    SELECT 79 AS product_id,'Tirzepatide 15mg para tratamento' AS short_description,'Tirzepatide 15mg para tratamento' AS detailed_description,'[]' AS specs_json,NULL AS additional_info,NULL AS payment_conditions,NULL AS delivery_info,'[{"path":"https:\\/\\/store.nestgeneralservices.company\\/wp-content\\/uploads\\/2025\\/09\\/15.png","alt":"TIRZ 15 – Tirzepatide 15mg"}]' AS media_gallery,NULL AS video_url
UNION ALL
    SELECT 80 AS product_id,'Tirzepatide 40mg para tratamento' AS short_description,'Tirzepatide 40mg para tratamento' AS detailed_description,'[]' AS specs_json,NULL AS additional_info,NULL AS payment_conditions,NULL AS delivery_info,'[{"path":"https:\\/\\/store.nestgeneralservices.company\\/wp-content\\/uploads\\/2025\\/09\\/40.png","alt":"TIRZ 40 – Tirzepatide 40mg"}]' AS media_gallery,NULL AS video_url
UNION ALL
    SELECT 81 AS product_id,'Tirzepatide 60mg para tratamento' AS short_description,'Tirzepatide 60mg para tratamento' AS detailed_description,'[]' AS specs_json,NULL AS additional_info,NULL AS payment_conditions,NULL AS delivery_info,'[{"path":"https:\\/\\/store.nestgeneralservices.company\\/wp-content\\/uploads\\/2025\\/08\\/ChatGPT-Image-16-de-set.-de-2025-18_21_31.png","alt":"TIRZ 60 – Tirzepatide 60mg"}]' AS media_gallery,NULL AS video_url
UNION ALL
    SELECT 82 AS product_id,'Vitamina B12 injetável' AS short_description,'Vitamina B12 injetável' AS detailed_description,'[]' AS specs_json,NULL AS additional_info,NULL AS payment_conditions,NULL AS delivery_info,'[{"path":"https:\\/\\/store.nestgeneralservices.company\\/wp-content\\/uploads\\/2025\\/09\\/b12.png","alt":"Vitamina B12 0.5MG \\/ 2ML"}]' AS media_gallery,NULL AS video_url
UNION ALL
    SELECT 83 AS product_id,'Mix Shot Burner queimador de gordura' AS short_description,'Mix Shot Burner queimador de gordura' AS detailed_description,'[]' AS specs_json,NULL AS additional_info,NULL AS payment_conditions,NULL AS delivery_info,'[{"path":"https:\\/\\/store.nestgeneralservices.company\\/wp-content\\/uploads\\/2025\\/08\\/ChatGPT-Image-17-de-set.-de-2025-15_59_05.png","alt":"Mix Shot Burner -10ml"}]' AS media_gallery,NULL AS video_url
UNION ALL
    SELECT 84 AS product_id,'Vitamina D 2000 UI' AS short_description,'Vitamina D 2000 UI' AS detailed_description,'[]' AS specs_json,NULL AS additional_info,NULL AS payment_conditions,NULL AS delivery_info,'[{"path":"https:\\/\\/store.nestgeneralservices.company\\/wp-content\\/uploads\\/2025\\/09\\/vitamina-d.png","alt":"Vitamina D - 10mg - 2000 ui"}]' AS media_gallery,NULL AS video_url
UNION ALL
    SELECT 85 AS product_id,'Tirzepatide 50mg para tratamento' AS short_description,'Tirzepatide 50mg para tratamento' AS detailed_description,'[]' AS specs_json,NULL AS additional_info,NULL AS payment_conditions,NULL AS delivery_info,'[{"path":"https:\\/\\/store.nestgeneralservices.company\\/wp-content\\/uploads\\/2025\\/09\\/ChatGPT-Image-16-de-set.-de-2025-18_13_33.png","alt":"TIRZ 50 – Tirzepatide 50mg"}]' AS media_gallery,NULL AS video_url
UNION ALL
    SELECT 86 AS product_id,'Retatrutide 15mg para tratamento' AS short_description,'Retatrutide 15mg para tratamento' AS detailed_description,'[]' AS specs_json,NULL AS additional_info,NULL AS payment_conditions,NULL AS delivery_info,'[{"path":"https:\\/\\/store.nestgeneralservices.company\\/wp-content\\/uploads\\/2025\\/09\\/15-1.png","alt":"RETA 15 – Retatrutide 15mg"}]' AS media_gallery,NULL AS video_url
UNION ALL
    SELECT 87 AS product_id,'Retatrutide 20mg para tratamento' AS short_description,'Retatrutide 20mg para tratamento' AS detailed_description,'[]' AS specs_json,NULL AS additional_info,NULL AS payment_conditions,NULL AS delivery_info,'[{"path":"https:\\/\\/store.nestgeneralservices.company\\/wp-content\\/uploads\\/2025\\/09\\/20-1.png","alt":"RETA 20 – Retatrutide 20mg"}]' AS media_gallery,NULL AS video_url
UNION ALL
    SELECT 88 AS product_id,'Retatrutide 30mg para tratamento' AS short_description,'Retatrutide 30mg para tratamento' AS detailed_description,'[]' AS specs_json,NULL AS additional_info,NULL AS payment_conditions,NULL AS delivery_info,'[{"path":"https:\\/\\/store.nestgeneralservices.company\\/wp-content\\/uploads\\/2025\\/09\\/30-1.png","alt":"RETA 30 – Retatrutide 30mg"}]' AS media_gallery,NULL AS video_url
UNION ALL
    SELECT 89 AS product_id,'Retatrutide 40mg para tratamento' AS short_description,'Retatrutide 40mg para tratamento' AS detailed_description,'[]' AS specs_json,NULL AS additional_info,NULL AS payment_conditions,NULL AS delivery_info,'[{"path":"https:\\/\\/store.nestgeneralservices.company\\/wp-content\\/uploads\\/2025\\/09\\/40-1.png","alt":"RETA 40 – Retatrutide 40mg"}]' AS media_gallery,NULL AS video_url
UNION ALL
    SELECT 90 AS product_id,'Retatrutide 50mg para tratamento' AS short_description,'Retatrutide 50mg para tratamento' AS detailed_description,'[]' AS specs_json,NULL AS additional_info,NULL AS payment_conditions,NULL AS delivery_info,'[{"path":"https:\\/\\/store.nestgeneralservices.company\\/wp-content\\/uploads\\/2025\\/09\\/50.png","alt":"RETA 50 – Retatrutide 50mg"}]' AS media_gallery,NULL AS video_url
UNION ALL
    SELECT 91 AS product_id,'Água estéril para diluição' AS short_description,'Água estéril para diluição' AS detailed_description,'[]' AS specs_json,NULL AS additional_info,NULL AS payment_conditions,NULL AS delivery_info,'[{"path":"https:\\/\\/store.nestgeneralservices.company\\/wp-content\\/uploads\\/2025\\/09\\/ChatGPT-Image-17-de-set.-de-2025-15_49_15.png","alt":"Sterile Water"}]' AS media_gallery,NULL AS video_url
) AS src
WHERE EXISTS (SELECT 1 FROM products WHERE products.id = src.product_id)
ON DUPLICATE KEY UPDATE short_description=VALUES(short_description), detailed_description=VALUES(detailed_description), specs_json=VALUES(specs_json), additional_info=VALUES(additional_info), payment_conditions=VALUES(payment_conditions), delivery_info=VALUES(delivery_info), media_gallery=VALUES(media_gallery), video_url=VALUES(video_url);

INSERT INTO payment_methods (id, code, name, description, instructions, settings, icon_path, is_active, require_receipt, sort_order, created_at, updated_at)
VALUES
    (1,'pix','Pix',NULL,'Use o Pix para pagar seu pedido. Valor: {valor_pedido}.\\\\nChave: {pix_key}',NULL,NULL,0,0,10,'2025-11-02 08:37:31','2025-11-02 09:00:46'),
    (2,'zelle','Zelle','','💰 Zelle\\r\\nZelle: (978) 901-4603 ou 978 901 4603\\r\\nNome: Get Power Research Business\\r\\n\\r\\n📌\\r\\nObs: Coloque APENAS O NÚMERO DO PEDIDO\\r\\nna mensagem do Zelle.\\r\\n\\r\\nApós o pagamento, você pode enviar um e-mail com o comprovante de pagamento juntamente APENAS O NÚMERO DO PEDIDO\\r\\n\\r\\n📧 para o e-mail: getpowerresearch9@gmail.com\\r\\n\\r\\n⚠️ ATENÇÃO SOBRE SUA MENSAGEM DE PAGAMENTO\\r\\n\\r\\nOlá! Segue as regras abaixo para que seu pedido não seja cancelado:\\r\\n\\r\\nSempre escreva apenas o número do seu pedido no campo de mensagem.\\r\\n\\r\\nEXEMPLO:\\r\\nAPENAS O NÚMERO DO PEDIDO\\r\\n\\r\\nLAST FOUR DIGITS: 4603\\r\\n\\r\\n📧 para o e-mail: getpowerresearch9@gmail.com\\r\\n\\r\\n📌⚠️ Mensagens contendo nomes de medicamentos, nomes de pessoas ou qualquer outro texto fora o número do pedido causarão cancelamento automático da próxima compra, por motivos de segurança bancária e contábil.\\r\\n\\r\\n📌⚠️ Mensagens em branco ou com emojis também não são aceitas e podem atrasar o envio da sua compra.\\r\\n\\r\\nEsse procedimento é essencial para mantermos nosso sistema de envios seguro, organizado e funcionando corretamente.\\r\\n\\r\\nAgradecemos a sua atenção e compreensão.\\r\\n\\r\\n📌 ATENÇÃO!\\r\\n\\r\\n⏳💰 Você tem até 3 dias para efetuar o pagamento.\\r\\nApós os 3 dias, se o pagamento não for realizado, seu pedido será cancelado.\\r\\n\\r\\nEnvie o valor de {valor_pedido} via Zelle para {account_value}. Anexe o comprovante se solicitado.',NULL,NULL,1,0,20,'2025-11-02 08:37:31','2025-11-04 18:06:06'),
    (3,'venmo','Venmo',NULL,'Pague {valor_pedido} via Venmo. Link: {venmo_link}.',NULL,NULL,0,1,30,'2025-11-02 08:37:31','2025-11-02 09:01:27'),
    (4,'paypal','PayPal',NULL,'Após finalizar, você será direcionado ao PayPal com o valor {valor_pedido}.',NULL,NULL,0,0,40,'2025-11-02 08:37:31','2025-11-02 09:01:30'),
    (5,'square','Cartão de crédito',NULL,'Abriremos o checkout de cartão de crédito em uma nova aba para concluir o pagamento.',NULL,NULL,1,0,50,'2025-11-02 08:37:31','2025-11-02 08:37:31'),
    (6,'whatsapp','WhatsApp',NULL,'Finalize seu pedido conversando com nossa equipe pelo WhatsApp: {whatsapp_link}.',NULL,NULL,0,0,60,'2025-11-02 08:37:31','2025-11-02 09:01:34')
ON DUPLICATE KEY UPDATE name=VALUES(name), description=VALUES(description), instructions=VALUES(instructions), settings=VALUES(settings), icon_path=VALUES(icon_path), is_active=VALUES(is_active), require_receipt=VALUES(require_receipt), sort_order=VALUES(sort_order), updated_at=VALUES(updated_at);

INSERT INTO settings (skey, svalue, updated_at)
VALUES
    ('store_name','Get Power Research','2025-11-04 13:14:57'),
    ('store_email','getpowerresearch9@gmail.com','2025-11-04 13:14:57'),
    ('store_phone','+1 (978) 901 4603','2025-11-04 13:14:57'),
    ('store_address','Massachusetts – USA','2025-11-04 13:14:57'),
    ('store_meta_title','Get Power Research','2025-11-04 13:14:57'),
    ('home_hero_title','Tudo para sua saúde','2025-11-04 13:14:57'),
    ('home_hero_subtitle','Experiência de app, rápida e segura.','2025-11-04 13:14:57'),
    ('header_subline','Tudo para sua saúde','2025-11-04 13:14:57'),
    ('footer_title','Get Power Research','2025-11-04 13:14:57'),
    ('footer_description','Tudo para sua saúde online com experiência de app.','2025-11-04 13:14:57'),
    ('footer_copy','© {{year}} Get Power Research. Todos os direitos reservados.','2025-11-04 13:14:57'),
    ('theme_color','#2060C8','2025-11-04 13:14:57'),
    ('home_featured_label','Oferta destaque','2025-11-04 13:14:57'),
    ('whatsapp_button_text','Fale com a gente','2025-11-04 13:14:57'),
    ('whatsapp_message','Olá! Gostaria de tirar uma dúvida sobre os produtos.','2025-11-04 13:14:57'),
    ('store_currency','USD','2025-11-02 08:37:31'),
    ('pwa_name','Get Power Research','2025-11-04 13:14:57'),
    ('pwa_short_name','Get Power Research','2025-11-04 13:14:57'),
    ('home_featured_enabled','1','2025-11-04 13:14:57'),
    ('home_featured_title','Ofertas em destaque','2025-11-04 13:14:57'),
    ('home_featured_subtitle','Seleção especial com preços imperdíveis. + FRETE GRÁTIS','2025-11-04 13:14:57'),
    ('home_featured_badge_title','Seleção especial','2025-11-04 13:14:57'),
    ('home_featured_badge_text','Selecionados com carinho para você','2025-11-04 13:14:57'),
    ('email_customer_subject','Seu pedido {{order_id}} foi recebido - Get Power Research','2025-11-04 13:14:57')
ON DUPLICATE KEY UPDATE svalue=VALUES(svalue), updated_at=VALUES(updated_at);

INSERT INTO users (id, name, email, pass, role, active, created_at)
VALUES
    (1,'Mike Lins','mike@mmlins.com.br','$2y$10$5wzwoXp9F7VZpWkXZia1Me3qXdBpf4abgcKEzp6pytAjtkTmsFTM2','super_admin',1,'2025-11-02 08:37:31'),
    (2,'Mike teste','ml@mmlins.com.br','$2y$10$/42zdnBM8YBZ.uu9P3qILO7iQCZUxTjyQx/xgBcI3ix/9m15xsTfC','viewer',1,'2025-11-02 11:04:48')
ON DUPLICATE KEY UPDATE name=VALUES(name), email=VALUES(email), pass=VALUES(pass), role=VALUES(role), active=VALUES(active);

INSERT INTO orders (id, customer_id, items_json, subtotal, shipping_cost, total, currency, payment_method, delivery_method_code, delivery_method_label, delivery_method_details, payment_ref, payment_status, status, track_token, zelle_receipt, notes, admin_viewed, created_at, updated_at)
VALUES
    (1,1,'[{\\"id\\":13,\\"name\\":\\"TIRZ 20 – Tirzepatide 20mg\\",\\"price\\":250,\\"qty\\":1,\\"sku\\":\\"TIRZ-001\\",\\"shipping_cost\\":15,\\"square_link\\":\\"https:\\\\/\\\\/square.link\\\\/u\\\\/eWMKPWit\\",\\"stripe_link\\":\\"\\",\\"currency\\":\\"USD\\"}]',250,15,265,'USD','square',NULL,NULL,NULL,'https://square.link/u/eWMKPWit','pending','pending','9db37ae5b6ca3c2e228d71de0b91c427',NULL,NULL,0,'2025-11-02 09:07:26','2025-11-02 09:07:26'),
    (2,2,'[{\\"id\\":13,\\"name\\":\\"TIRZ 20 – Tirzepatide 20mg\\",\\"price\\":250,\\"qty\\":1,\\"sku\\":\\"TIRZ-001\\",\\"shipping_cost\\":0,\\"square_link\\":\\"https:\\\\/\\\\/square.link\\\\/u\\\\/eWMKPWit\\",\\"stripe_link\\":\\"\\",\\"currency\\":\\"USD\\"}]',250,0,250,'USD','square',NULL,NULL,NULL,'https://square.link/u/eWMKPWit','pending','pending','fed27261c159c724067bebdcb0f06a72',NULL,NULL,0,'2025-11-02 13:57:33','2025-11-02 13:57:33'),
    (3,3,'[{\\"id\\":13,\\"name\\":\\"TIRZ 20 – Tirzepatide 20mg\\",\\"price\\":250,\\"qty\\":1,\\"sku\\":\\"TIRZ-001\\",\\"shipping_cost\\":0,\\"square_link\\":\\"https:\\\\/\\\\/square.link\\\\/u\\\\/eWMKPWit\\",\\"stripe_link\\":\\"\\",\\"currency\\":\\"USD\\"}]',250,0,250,'USD','square',NULL,NULL,NULL,'https://square.link/u/eWMKPWit','pending','pending','734ca4beefbcfd6debb6ed8fe3176f49',NULL,NULL,0,'2025-11-02 14:46:29','2025-11-02 14:46:29'),
    (4,4,'[{\\"id\\":13,\\"name\\":\\"TIRZ 20 – Tirzepatide 20mg\\",\\"price\\":250,\\"qty\\":1,\\"sku\\":\\"TIRZ-001\\",\\"shipping_cost\\":0,\\"square_link\\":\\"https:\\\\/\\\\/square.link\\\\/u\\\\/KvS3pgmm\\",\\"stripe_link\\":\\"\\",\\"currency\\":\\"USD\\"}]',250,0,250,'USD','square',NULL,NULL,NULL,'https://square.link/u/KvS3pgmm','pending','paid','a656b769dae180f9a0aedc305061d700',NULL,NULL,0,'2025-11-02 18:14:03','2025-11-03 16:25:45'),
    (5,5,'[{\\"id\\":15,\\"name\\":\\"TIRZ 15 – Tirzepatide 15mg\\",\\"price\\":280,\\"qty\\":1,\\"sku\\":\\"TIRZ-003\\",\\"shipping_cost\\":15,\\"square_link\\":\\"https:\\\\/\\\\/square.link\\\\/u\\\\/ItAGrpHg\\",\\"stripe_link\\":\\"\\",\\"currency\\":\\"USD\\"}]',280,15,295,'USD','square',NULL,NULL,NULL,'https://square.link/u/ItAGrpHg','pending','paid','a947926aede43dc94c326d04ac0bb482',NULL,NULL,0,'2025-11-02 21:30:41','2025-11-03 16:25:30'),
    (6,6,'[{\\"id\\":15,\\"name\\":\\"TIRZ 15 – Tirzepatide 15mg\\",\\"price\\":280,\\"qty\\":1,\\"sku\\":\\"TIRZ-003\\",\\"shipping_cost\\":15,\\"square_link\\":\\"https:\\\\/\\\\/square.link\\\\/u\\\\/ItAGrpHg\\",\\"stripe_link\\":\\"\\",\\"currency\\":\\"USD\\"}]',280,15,295,'USD','square',NULL,NULL,NULL,'https://square.link/u/ItAGrpHg','pending','pending','aab8d2c4ea3ac666681204dafb7f9e82',NULL,NULL,0,'2025-11-03 12:31:57','2025-11-03 12:31:57'),
    (7,7,'[{\\"id\\":15,\\"name\\":\\"TIRZ 15 – Tirzepatide 15mg\\",\\"price\\":280,\\"qty\\":1,\\"sku\\":\\"TIRZ-003\\",\\"shipping_cost\\":15,\\"square_link\\":\\"https:\\\\/\\\\/square.link\\\\/u\\\\/ItAGrpHg\\",\\"stripe_link\\":\\"\\",\\"currency\\":\\"USD\\"}]',280,15,295,'USD','square',NULL,NULL,NULL,'https://square.link/u/ItAGrpHg','pending','paid','830c52e178d3b07ecf27c46bb7699a0d',NULL,NULL,0,'2025-11-03 12:35:23','2025-11-03 16:25:24'),
    (8,8,'[{\\"id\\":13,\\"name\\":\\"TIRZ 20 – Tirzepatide 20mg\\",\\"price\\":250,\\"qty\\":1,\\"sku\\":\\"TIRZ-001\\",\\"shipping_cost\\":0,\\"square_link\\":\\"https:\\\\/\\\\/square.link\\\\/u\\\\/KvS3pgmm\\",\\"stripe_link\\":\\"\\",\\"currency\\":\\"USD\\"}]',250,0,250,'USD','square',NULL,NULL,NULL,'https://square.link/u/KvS3pgmm','pending','pending','ab930f671e179b6371fbe495cc490640',NULL,NULL,0,'2025-11-04 00:38:33','2025-11-04 00:38:33'),
    (9,9,'[{\\"id\\":17,\\"name\\":\\"TIRZ 60 – Tirzepatide 60mg\\",\\"price\\":500,\\"qty\\":1,\\"sku\\":\\"TIRZ-005\\",\\"shipping_cost\\":15,\\"square_link\\":\\"https:\\\\/\\\\/square.link\\\\/u\\\\/A69ku30z\\",\\"stripe_link\\":\\"\\",\\"currency\\":\\"USD\\"}]',500,15,515,'USD','zelle',NULL,NULL,NULL,'','pending','pending','b853b38dba53aefa1e1b94132da5b639','storage/zelle_receipts/receipt_20251104_004140_8600c337.png',NULL,0,'2025-11-04 00:41:40','2025-11-04 00:41:40'),
    (10,10,'[{\\"id\\":15,\\"name\\":\\"TIRZ 15 – Tirzepatide 15mg\\",\\"price\\":260,\\"qty\\":1,\\"sku\\":\\"TIRZ-003\\",\\"shipping_cost\\":15,\\"square_link\\":\\"https:\\\\/\\\\/square.link\\\\/u\\\\/ItAGrpHg\\",\\"stripe_link\\":\\"\\",\\"currency\\":\\"USD\\"}]',260,15,275,'USD','square',NULL,NULL,NULL,'https://square.link/u/ItAGrpHg','pending','pending','7491f04791a21249d38b96247af0f84a',NULL,NULL,0,'2025-11-04 02:26:06','2025-11-04 02:26:06'),
    (11,11,'[{\\"id\\":13,\\"name\\":\\"TIRZ 20 – Tirzepatide 20mg\\",\\"price\\":250,\\"qty\\":1,\\"sku\\":\\"TIRZ-001\\",\\"shipping_cost\\":0,\\"square_link\\":\\"https:\\\\/\\\\/square.link\\\\/u\\\\/KvS3pgmm\\",\\"stripe_link\\":\\"\\",\\"currency\\":\\"USD\\"}]',250,0,250,'USD','zelle',NULL,NULL,NULL,'','pending','pending','63209cec7b5c3e8986b8ea22fde1bcb9',NULL,NULL,0,'2025-11-04 13:07:58','2025-11-04 13:07:58'),
    (12,12,'[{\\"id\\":13,\\"name\\":\\"TIRZ 20 – Tirzepatide 20mg\\",\\"price\\":250,\\"qty\\":1,\\"sku\\":\\"TIRZ-001\\",\\"shipping_cost\\":0,\\"square_link\\":\\"https:\\\\/\\\\/square.link\\\\/u\\\\/KvS3pgmm\\",\\"stripe_link\\":\\"\\",\\"currency\\":\\"USD\\"}]',250,0,250,'USD','zelle',NULL,NULL,NULL,'','pending','canceled','cd1fd698a3fe9c35215d6b707d1b3c6e',NULL,NULL,0,'2025-11-04 13:12:34','2025-11-05 01:37:31'),
    (13,13,'[{\\"id\\":13,\\"name\\":\\"TIRZ 20 – Tirzepatide 20mg\\",\\"price\\":250,\\"qty\\":1,\\"sku\\":\\"TIRZ-001\\",\\"shipping_cost\\":0,\\"square_link\\":\\"https:\\\\/\\\\/square.link\\\\/u\\\\/KvS3pgmm\\",\\"stripe_link\\":\\"\\",\\"currency\\":\\"USD\\"}]',250,0,250,'USD','zelle',NULL,NULL,NULL,'','pending','pending','0062ff0f141a36334f308c8194296408',NULL,NULL,0,'2025-11-04 13:15:19','2025-11-04 13:15:19'),
    (14,14,'[{\\"id\\":13,\\"name\\":\\"TIRZ 20 – Tirzepatide 20mg\\",\\"price\\":250,\\"qty\\":2,\\"sku\\":\\"TIRZ-001\\",\\"shipping_cost\\":0,\\"square_link\\":\\"https:\\\\/\\\\/square.link\\\\/u\\\\/KvS3pgmm\\",\\"stripe_link\\":\\"\\",\\"currency\\":\\"USD\\"}]',500,0,500,'USD','square',NULL,NULL,NULL,'https://square.link/u/KvS3pgmm','pending','canceled','d979e3432e8e301829eac5a306c25684',NULL,NULL,0,'2025-11-04 14:23:04','2025-11-05 01:37:03'),
    (15,15,'[{\\"id\\":13,\\"name\\":\\"TIRZ 20 – Tirzepatide 20mg\\",\\"price\\":250,\\"qty\\":2,\\"sku\\":\\"TIRZ-001\\",\\"shipping_cost\\":0,\\"square_link\\":\\"https:\\\\/\\\\/square.link\\\\/u\\\\/KvS3pgmm\\",\\"stripe_link\\":\\"\\",\\"currency\\":\\"USD\\"}]',500,0,500,'USD','square',NULL,NULL,NULL,'https://square.link/u/KvS3pgmm','pending','paid','49ec907b018c2fd8039a21263af130cb',NULL,NULL,0,'2025-11-04 14:25:02','2025-11-05 01:32:56'),
    (16,16,'[{\\"id\\":13,\\"name\\":\\"TIRZ 20 – Tirzepatide 20mg\\",\\"price\\":250,\\"qty\\":1,\\"sku\\":\\"TIRZ-001\\",\\"shipping_cost\\":0,\\"square_link\\":\\"https:\\\\/\\\\/square.link\\\\/u\\\\/KvS3pgmm\\",\\"stripe_link\\":\\"\\",\\"currency\\":\\"USD\\"}]',250,0,250,'USD','zelle',NULL,NULL,NULL,'','pending','paid','046f57b71891a56ca7775ebf06ac8eaf',NULL,NULL,0,'2025-11-04 17:17:10','2025-11-05 01:34:11'),
    (17,17,'[{\\"id\\":13,\\"name\\":\\"TIRZ 20 – Tirzepatide 20mg\\",\\"price\\":250,\\"qty\\":1,\\"sku\\":\\"TIRZ-001\\",\\"shipping_cost\\":0,\\"square_link\\":\\"https:\\\\/\\\\/square.link\\\\/u\\\\/KvS3pgmm\\",\\"stripe_link\\":\\"\\",\\"currency\\":\\"USD\\"}]',250,0,250,'USD','square',NULL,NULL,NULL,'https://square.link/u/KvS3pgmm','pending','pending','398682cc76797cb6d4fa9fbba143ff00',NULL,NULL,0,'2025-11-04 23:41:27','2025-11-04 23:41:27'),
    (18,18,'[{\\"id\\":16,\\"name\\":\\"TIRZ 40 – Tirzepatide 40mg\\",\\"price\\":400,\\"qty\\":1,\\"sku\\":\\"TIRZ-004\\",\\"shipping_cost\\":15,\\"square_link\\":\\"https:\\\\/\\\\/square.link\\\\/u\\\\/cilVU3dw\\",\\"stripe_link\\":\\"\\",\\"currency\\":\\"USD\\"}]',400,15,415,'USD','square',NULL,NULL,NULL,'https://square.link/u/cilVU3dw','pending','pending','4516db606fd9f98b93b8814b430a9a28',NULL,NULL,0,'2025-11-05 00:35:30','2025-11-05 00:35:30'),
    (19,19,'[{\\"id\\":17,\\"name\\":\\"TIRZ 60 – Tirzepatide 60mg\\",\\"price\\":500,\\"qty\\":1,\\"sku\\":\\"TIRZ-005\\",\\"shipping_cost\\":15,\\"square_link\\":\\"https:\\\\/\\\\/square.link\\\\/u\\\\/A69ku30z\\",\\"stripe_link\\":\\"\\",\\"currency\\":\\"USD\\"}]',500,15,515,'USD','square',NULL,NULL,NULL,'https://square.link/u/A69ku30z','pending','paid','e19efce6433d551937d896ee2aa607ec',NULL,NULL,0,'2025-11-05 01:25:57','2025-11-05 01:28:49'),
    (20,20,'[{\\"id\\":13,\\"name\\":\\"TIRZ 20 – Tirzepatide 20mg\\",\\"price\\":250,\\"qty\\":1,\\"sku\\":\\"TIRZ-001\\",\\"shipping_cost\\":0,\\"square_link\\":\\"https:\\\\/\\\\/square.link\\\\/u\\\\/KvS3pgmm\\",\\"stripe_link\\":\\"\\",\\"currency\\":\\"USD\\"}]',250,0,250,'USD','zelle',NULL,NULL,NULL,'','pending','pending','a95eae864dadf81ae0b79b87ad008d8f',NULL,NULL,0,'2025-11-05 02:36:52','2025-11-05 02:36:52'),
    (21,21,'[{\\"id\\":13,\\"name\\":\\"TIRZ 20 – Tirzepatide 20mg\\",\\"price\\":250,\\"qty\\":1,\\"sku\\":\\"TIRZ-001\\",\\"shipping_cost\\":0,\\"square_link\\":\\"https:\\\\/\\\\/square.link\\\\/u\\\\/KvS3pgmm\\",\\"stripe_link\\":\\"\\",\\"currency\\":\\"USD\\"}]',250,0,250,'USD','square',NULL,NULL,NULL,'https://square.link/u/KvS3pgmm','pending','pending','c698ca85ee9938679841e40b24f46eff',NULL,NULL,0,'2025-11-05 07:38:32','2025-11-05 07:38:32'),
    (22,22,'[{\\"id\\":14,\\"name\\":\\"TIRZ 30 – Tirzepatide 30mg\\",\\"price\\":350,\\"qty\\":1,\\"sku\\":\\"TIRZ-002\\",\\"shipping_cost\\":15,\\"square_link\\":\\"https:\\\\/\\\\/square.link\\\\/u\\\\/l9KQMPhT\\",\\"stripe_link\\":\\"\\",\\"currency\\":\\"USD\\"}]',350,15,365,'USD','square',NULL,NULL,NULL,'https://square.link/u/l9KQMPhT','pending','pending','7481ffad852ac30dfa4358edbe23d886',NULL,NULL,0,'2025-11-05 15:55:55','2025-11-05 15:55:55'),
    (23,23,'[{\\"id\\":78,\\"name\\":\\"TIRZ 30 – Tirzepatide 30mg\\",\\"price\\":370,\\"qty\\":1,\\"sku\\":\\"TIRZ-002\\",\\"shipping_cost\\":7,\\"square_link\\":\\"https:\\\\/\\\\/square.link\\\\/u\\\\/l9KQMPhT\\",\\"stripe_link\\":\\"\\",\\"currency\\":\\"USD\\"}]',370,7,377,'USD','square',NULL,NULL,NULL,'https://square.link/u/l9KQMPhT','pending','pending','634dd5a55d6a2efa282c8e6b8cd756e3',NULL,NULL,0,'2025-11-05 16:50:50','2025-11-05 16:50:50'),
    (24,24,'[{\\"id\\":79,\\"name\\":\\"TIRZ 15 – Tirzepatide 15mg\\",\\"price\\":280,\\"qty\\":1,\\"sku\\":\\"TIRZ-003\\",\\"shipping_cost\\":7,\\"square_link\\":\\"https:\\\\/\\\\/square.link\\\\/u\\\\/ItAGrpHg\\",\\"stripe_link\\":\\"\\",\\"currency\\":\\"USD\\"}]',280,7,287,'USD','zelle',NULL,NULL,NULL,'','pending','pending','a42b9eff0a4674b60cf7d6efe0b39f42',NULL,NULL,0,'2025-11-05 19:11:33','2025-11-05 19:11:33'),
    (25,25,'[{\\"id\\":13,\\"name\\":\\"TIRZ 20 – Tirzepatide 20mg\\",\\"price\\":320,\\"qty\\":1,\\"sku\\":\\"TIRZ-001\\",\\"shipping_cost\\":7,\\"square_link\\":\\"https:\\\\/\\\\/square.link\\\\/u\\\\/KvS3pgmm\\",\\"stripe_link\\":\\"\\",\\"currency\\":\\"USD\\"}]',320,7,327,'USD','zelle',NULL,NULL,NULL,'','pending','pending','0ed65d3aed7c0c808f83d112eaf1f9be',NULL,NULL,0,'2025-11-05 19:14:25','2025-11-05 19:14:25'),
    (26,26,'[{\\"id\\":13,\\"name\\":\\"TIRZ 20 – Tirzepatide 20mg\\",\\"price\\":250,\\"qty\\":1,\\"sku\\":\\"TIRZ-001\\",\\"shipping_cost\\":0,\\"square_link\\":\\"https:\\\\/\\\\/square.link\\\\/u\\\\/KvS3pgmm\\",\\"stripe_link\\":\\"\\",\\"currency\\":\\"USD\\"}]',250,0,250,'USD','square',NULL,NULL,NULL,'https://square.link/u/KvS3pgmm','pending','pending','ba7341e8cfade7ff994f26da835fc05c',NULL,NULL,0,'2025-11-05 19:32:53','2025-11-05 19:32:53'),
    (27,27,'[{\\"id\\":13,\\"name\\":\\"TIRZ 20 – Tirzepatide 20mg\\",\\"price\\":250,\\"qty\\":1,\\"sku\\":\\"TIRZ-001\\",\\"shipping_cost\\":0,\\"square_link\\":\\"https:\\\\/\\\\/square.link\\\\/u\\\\/KvS3pgmm\\",\\"stripe_link\\":\\"\\",\\"currency\\":\\"USD\\"}]',250,0,250,'USD','square',NULL,NULL,NULL,'https://square.link/u/KvS3pgmm','pending','pending','0f9a0ebd464f76c901fa15780e7a729c',NULL,NULL,0,'2025-11-05 19:34:00','2025-11-05 19:34:00'),
    (28,28,'[{\\"id\\":13,\\"name\\":\\"TIRZ 20 – Tirzepatide 20mg\\",\\"price\\":250,\\"qty\\":1,\\"sku\\":\\"TIRZ-001\\",\\"shipping_cost\\":0,\\"square_link\\":\\"https:\\\\/\\\\/square.link\\\\/u\\\\/KvS3pgmm\\",\\"stripe_link\\":\\"\\",\\"currency\\":\\"USD\\"}]',250,0,250,'USD','square',NULL,NULL,NULL,'https://square.link/u/KvS3pgmm','pending','pending','4a306bdf663d60a1e5cffcd87a5cb19e',NULL,NULL,0,'2025-11-05 19:35:41','2025-11-05 19:35:41')
ON DUPLICATE KEY UPDATE customer_id=VALUES(customer_id), items_json=VALUES(items_json), subtotal=VALUES(subtotal), shipping_cost=VALUES(shipping_cost), total=VALUES(total), currency=VALUES(currency), payment_method=VALUES(payment_method), payment_ref=VALUES(payment_ref), payment_status=VALUES(payment_status), status=VALUES(status), track_token=VALUES(track_token), zelle_receipt=VALUES(zelle_receipt), notes=VALUES(notes), admin_viewed=VALUES(admin_viewed), created_at=VALUES(created_at), updated_at=VALUES(updated_at);

INSERT INTO notifications (id, type, title, message, data, is_read, created_at)
VALUES
    (1,'cart_add','Produto ao carrinho','Mix Shot Burner -10ml','{"product_id":19}',0,'2025-11-02 09:02:43'),
    (2,'cart_add','Produto ao carrinho','TIRZ 20 – Tirzepatide 20mg','{"product_id":13}',0,'2025-11-02 09:07:05'),
    (3,'new_order','Novo Pedido','Pedido #1 de MIke lins','{"order_id":1,"total":265,"payment_method":"square"}',0,'2025-11-02 09:07:26'),
    (4,'cart_add','Produto ao carrinho','TIRZ 20 – Tirzepatide 20mg','{"product_id":13}',0,'2025-11-02 10:18:57'),
    (5,'cart_add','Produto ao carrinho','TIRZ 20 – Tirzepatide 20mg','{"product_id":13}',0,'2025-11-02 10:42:09'),
    (6,'cart_add','Produto ao carrinho','TIRZ 20 – Tirzepatide 20mg','{"product_id":13}',0,'2025-11-02 12:35:13'),
    (7,'cart_add','Produto ao carrinho','TIRZ 20 – Tirzepatide 20mg','{"product_id":13}',0,'2025-11-02 13:16:50'),
    (8,'cart_add','Produto ao carrinho','TIRZ 20 – Tirzepatide 20mg','{"product_id":13}',0,'2025-11-02 13:16:51'),
    (9,'cart_add','Produto ao carrinho','TIRZ 20 – Tirzepatide 20mg','{"product_id":13}',0,'2025-11-02 13:55:18'),
    (10,'cart_add','Produto ao carrinho','TIRZ 20 – Tirzepatide 20mg','{"product_id":13}',0,'2025-11-02 13:55:23'),
    (11,'new_order','Novo Pedido','Pedido #2 de Larissa','{"order_id":2,"total":250,"payment_method":"square"}',0,'2025-11-02 13:57:33'),
    (12,'cart_add','Produto ao carrinho','TIRZ 15 – Tirzepatide 15mg','{"product_id":15}',0,'2025-11-02 13:59:41'),
    (13,'cart_add','Produto ao carrinho','TIRZ 20 – Tirzepatide 20mg','{"product_id":13}',0,'2025-11-02 14:00:47'),
    (14,'cart_add','Produto ao carrinho','RETA 15 – Retatrutide 15mg','{"product_id":22}',0,'2025-11-02 14:41:55'),
    (15,'cart_add','Produto ao carrinho','TIRZ 20 – Tirzepatide 20mg','{"product_id":13}',0,'2025-11-02 14:42:04'),
    (16,'new_order','Novo Pedido','Pedido #3 de Edson Jeronimo filho','{"order_id":3,"total":250,"payment_method":"square"}',0,'2025-11-02 14:46:29'),
    (17,'cart_add','Produto ao carrinho','TIRZ 40 – Tirzepatide 40mg','{"product_id":16}',0,'2025-11-02 14:51:23'),
    (18,'cart_add','Produto ao carrinho','TIRZ 40 – Tirzepatide 40mg','{"product_id":16}',0,'2025-11-02 14:51:31'),
    (19,'cart_add','Produto ao carrinho','TIRZ 15 – Tirzepatide 15mg','{"product_id":15}',0,'2025-11-02 14:52:38'),
    (20,'cart_add','Produto ao carrinho','TIRZ 40 – Tirzepatide 40mg','{"product_id":16}',0,'2025-11-02 14:52:54'),
    (21,'cart_add','Produto ao carrinho','TIRZ 20 – Tirzepatide 20mg','{"product_id":13}',0,'2025-11-02 14:55:12'),
    (22,'cart_add','Produto ao carrinho','TIRZ 20 – Tirzepatide 20mg','{"product_id":13}',0,'2025-11-02 15:26:01'),
    (23,'cart_add','Produto ao carrinho','TIRZ 20 – Tirzepatide 20mg','{"product_id":13}',0,'2025-11-02 15:27:04'),
    (24,'cart_add','Produto ao carrinho','TIRZ 30 – Tirzepatide 30mg','{"product_id":14}',0,'2025-11-02 15:30:11'),
    (25,'cart_add','Produto ao carrinho','TIRZ 30 – Tirzepatide 30mg','{"product_id":14}',0,'2025-11-02 15:30:18'),
    (26,'cart_add','Produto ao carrinho','TIRZ 20 – Tirzepatide 20mg','{"product_id":13}',0,'2025-11-02 15:45:31'),
    (27,'cart_add','Produto ao carrinho','TIRZ 20 – Tirzepatide 20mg','{"product_id":13}',0,'2025-11-02 17:06:48'),
    (28,'cart_add','Produto ao carrinho','TIRZ 20 – Tirzepatide 20mg','{"product_id":13}',0,'2025-11-02 17:16:40'),
    (29,'cart_add','Produto ao carrinho','TIRZ 20 – Tirzepatide 20mg','{"product_id":13}',0,'2025-11-02 17:51:29'),
    (30,'cart_add','Produto ao carrinho','TIRZ 20 – Tirzepatide 20mg','{"product_id":13}',0,'2025-11-02 17:51:32'),
    (31,'cart_add','Produto ao carrinho','TIRZ 20 – Tirzepatide 20mg','{"product_id":13}',0,'2025-11-02 18:08:24'),
    (32,'new_order','Novo Pedido','Pedido #4 de Mario Lana','{"order_id":4,"total":250,"payment_method":"square"}',0,'2025-11-02 18:14:03'),
    (33,'cart_add','Produto ao carrinho','TIRZ 20 – Tirzepatide 20mg','{"product_id":13}',0,'2025-11-02 20:45:13'),
    (34,'cart_add','Produto ao carrinho','TIRZ 30 – Tirzepatide 30mg','{"product_id":14}',0,'2025-11-02 20:47:28'),
    (35,'cart_add','Produto ao carrinho','TIRZ 20 – Tirzepatide 20mg','{"product_id":13}',0,'2025-11-02 21:28:16'),
    (36,'cart_add','Produto ao carrinho','TIRZ 20 – Tirzepatide 20mg','{"product_id":13}',0,'2025-11-02 21:28:18'),
    (37,'cart_add','Produto ao carrinho','TIRZ 20 – Tirzepatide 20mg','{"product_id":13}',0,'2025-11-02 21:28:19'),
    (38,'cart_add','Produto ao carrinho','TIRZ 20 – Tirzepatide 20mg','{"product_id":13}',0,'2025-11-02 21:28:20'),
    (39,'cart_add','Produto ao carrinho','TIRZ 20 – Tirzepatide 20mg','{"product_id":13}',0,'2025-11-02 21:28:21'),
    (40,'cart_add','Produto ao carrinho','TIRZ 20 – Tirzepatide 20mg','{"product_id":13}',0,'2025-11-02 21:28:21'),
    (41,'cart_add','Produto ao carrinho','TIRZ 20 – Tirzepatide 20mg','{"product_id":13}',0,'2025-11-02 21:28:22'),
    (42,'cart_add','Produto ao carrinho','TIRZ 20 – Tirzepatide 20mg','{"product_id":13}',0,'2025-11-02 21:28:22'),
    (43,'cart_add','Produto ao carrinho','TIRZ 20 – Tirzepatide 20mg','{"product_id":13}',0,'2025-11-02 21:28:23'),
    (44,'cart_add','Produto ao carrinho','TIRZ 15 – Tirzepatide 15mg','{"product_id":15}',0,'2025-11-02 21:28:37'),
    (45,'cart_add','Produto ao carrinho','TIRZ 15 – Tirzepatide 15mg','{"product_id":15}',0,'2025-11-02 21:30:12'),
    (46,'new_order','Novo Pedido','Pedido #5 de Cristiano pereira','{"order_id":5,"total":295,"payment_method":"square"}',0,'2025-11-02 21:30:41'),
    (47,'cart_add','Produto ao carrinho','TIRZ 20 – Tirzepatide 20mg','{"product_id":13}',0,'2025-11-02 21:33:02'),
    (48,'cart_add','Produto ao carrinho','TIRZ 15 – Tirzepatide 15mg','{"product_id":15}',0,'2025-11-02 22:50:23'),
    (49,'cart_add','Produto ao carrinho','TIRZ 30 – Tirzepatide 30mg','{"product_id":14}',0,'2025-11-02 23:17:06'),
    (50,'cart_add','Produto ao carrinho','TIRZ 30 – Tirzepatide 30mg','{"product_id":14}',0,'2025-11-03 00:30:50'),
    (51,'cart_add','Produto ao carrinho','TIRZ 20 – Tirzepatide 20mg','{"product_id":13}',0,'2025-11-03 01:28:57'),
    (52,'cart_add','Produto ao carrinho','TIRZ 20 – Tirzepatide 20mg','{"product_id":13}',0,'2025-11-03 10:07:38'),
    (53,'cart_add','Produto ao carrinho','TIRZ 20 – Tirzepatide 20mg','{"product_id":13}',0,'2025-11-03 11:59:09'),
    (54,'cart_add','Produto ao carrinho','TIRZ 20 – Tirzepatide 20mg','{"product_id":13}',0,'2025-11-03 11:59:18'),
    (55,'cart_add','Produto ao carrinho','TIRZ 20 – Tirzepatide 20mg','{"product_id":13}',0,'2025-11-03 11:59:19'),
    (56,'cart_add','Produto ao carrinho','TIRZ 20 – Tirzepatide 20mg','{"product_id":13}',0,'2025-11-03 11:59:20'),
    (57,'cart_add','Produto ao carrinho','TIRZ 15 – Tirzepatide 15mg','{"product_id":15}',0,'2025-11-03 12:30:07'),
    (58,'new_order','Novo Pedido','Pedido #6 de Galba carvalho','{"order_id":6,"total":295,"payment_method":"square"}',0,'2025-11-03 12:31:57'),
    (59,'cart_add','Produto ao carrinho','TIRZ 15 – Tirzepatide 15mg','{"product_id":15}',0,'2025-11-03 12:34:05'),
    (60,'new_order','Novo Pedido','Pedido #7 de Galba carvalho','{"order_id":7,"total":295,"payment_method":"square"}',0,'2025-11-03 12:35:23'),
    (61,'cart_add','Produto ao carrinho','TIRZ 20 – Tirzepatide 20mg','{"product_id":13}',0,'2025-11-03 15:46:06'),
    (62,'cart_add','Produto ao carrinho','TIRZ 40 – Tirzepatide 40mg','{"product_id":16}',0,'2025-11-03 16:42:59'),
    (63,'cart_add','Produto ao carrinho','TIRZ 60 – Tirzepatide 60mg','{"product_id":17}',0,'2025-11-03 17:00:44'),
    (64,'cart_add','Produto ao carrinho','TIRZ 30 – Tirzepatide 30mg','{"product_id":14}',0,'2025-11-03 17:13:36'),
    (65,'cart_add','Produto ao carrinho','TIRZ 30 – Tirzepatide 30mg','{"product_id":14}',0,'2025-11-03 17:13:37'),
    (66,'cart_add','Produto ao carrinho','TIRZ 30 – Tirzepatide 30mg','{"product_id":14}',0,'2025-11-03 17:13:38'),
    (67,'cart_add','Produto ao carrinho','TIRZ 30 – Tirzepatide 30mg','{"product_id":14}',0,'2025-11-03 17:13:39'),
    (68,'cart_add','Produto ao carrinho','TIRZ 30 – Tirzepatide 30mg','{"product_id":14}',0,'2025-11-03 17:13:40'),
    (69,'cart_add','Produto ao carrinho','TIRZ 30 – Tirzepatide 30mg','{"product_id":14}',0,'2025-11-03 17:13:41'),
    (70,'cart_add','Produto ao carrinho','TIRZ 15 – Tirzepatide 15mg','{"product_id":15}',0,'2025-11-03 17:14:31'),
    (71,'cart_add','Produto ao carrinho','TIRZ 20 – Tirzepatide 20mg','{"product_id":13}',0,'2025-11-03 17:52:58'),
    (72,'cart_add','Produto ao carrinho','TIRZ 60 – Tirzepatide 60mg','{"product_id":17}',0,'2025-11-03 17:53:23'),
    (73,'cart_add','Produto ao carrinho','TIRZ 60 – Tirzepatide 60mg','{"product_id":17}',0,'2025-11-03 17:53:25'),
    (74,'cart_add','Produto ao carrinho','TIRZ 60 – Tirzepatide 60mg','{"product_id":17}',0,'2025-11-03 17:53:26'),
    (75,'cart_add','Produto ao carrinho','TIRZ 60 – Tirzepatide 60mg','{"product_id":17}',0,'2025-11-03 17:53:26'),
    (76,'cart_add','Produto ao carrinho','TIRZ 60 – Tirzepatide 60mg','{"product_id":17}',0,'2025-11-03 17:53:27'),
    (77,'cart_add','Produto ao carrinho','TIRZ 60 – Tirzepatide 60mg','{"product_id":17}',0,'2025-11-03 17:53:28'),
    (78,'cart_add','Produto ao carrinho','TIRZ 60 – Tirzepatide 60mg','{"product_id":17}',0,'2025-11-03 17:53:29'),
    (79,'cart_add','Produto ao carrinho','TIRZ 60 – Tirzepatide 60mg','{"product_id":17}',0,'2025-11-03 17:53:29'),
    (80,'cart_add','Produto ao carrinho','TIRZ 20 – Tirzepatide 20mg','{"product_id":13}',0,'2025-11-03 19:00:21'),
    (81,'cart_add','Produto ao carrinho','TIRZ 40 – Tirzepatide 40mg','{"product_id":16}',0,'2025-11-03 19:14:50'),
    (82,'cart_add','Produto ao carrinho','TIRZ 20 – Tirzepatide 20mg','{"product_id":13}',0,'2025-11-03 19:38:45'),
    (83,'cart_add','Produto ao carrinho','TIRZ 20 – Tirzepatide 20mg','{"product_id":13}',0,'2025-11-03 20:14:20'),
    (84,'cart_add','Produto ao carrinho','TIRZ 20 – Tirzepatide 20mg','{"product_id":13}',0,'2025-11-03 20:14:22'),
    (85,'cart_add','Produto ao carrinho','TIRZ 60 – Tirzepatide 60mg','{"product_id":17}',0,'2025-11-03 20:19:11'),
    (86,'cart_add','Produto ao carrinho','TIRZ 30 – Tirzepatide 30mg','{"product_id":14}',0,'2025-11-03 20:39:52'),
    (87,'cart_add','Produto ao carrinho','TIRZ 40 – Tirzepatide 40mg','{"product_id":16}',0,'2025-11-03 20:40:19'),
    (88,'cart_add','Produto ao carrinho','TIRZ 40 – Tirzepatide 40mg','{"product_id":16}',0,'2025-11-03 20:40:20'),
    (89,'cart_add','Produto ao carrinho','TIRZ 40 – Tirzepatide 40mg','{"product_id":16}',0,'2025-11-03 20:40:34'),
    (90,'cart_add','Produto ao carrinho','TIRZ 15 – Tirzepatide 15mg','{"product_id":15}',0,'2025-11-03 21:00:35'),
    (91,'cart_add','Produto ao carrinho','TIRZ 15 – Tirzepatide 15mg','{"product_id":15}',0,'2025-11-03 21:00:37'),
    (92,'cart_add','Produto ao carrinho','TIRZ 30 – Tirzepatide 30mg','{"product_id":14}',0,'2025-11-03 21:04:38'),
    (93,'cart_add','Produto ao carrinho','TIRZ 40 – Tirzepatide 40mg','{"product_id":16}',0,'2025-11-03 21:10:37'),
    (94,'cart_add','Produto ao carrinho','TIRZ 20 – Tirzepatide 20mg','{"product_id":13}',0,'2025-11-04 00:36:44'),
    (95,'cart_add','Produto ao carrinho','TIRZ 60 – Tirzepatide 60mg','{"product_id":17}',0,'2025-11-04 00:37:13'),
    (96,'cart_add','Produto ao carrinho','TIRZ 60 – Tirzepatide 60mg','{"product_id":17}',0,'2025-11-04 00:37:14'),
    (97,'cart_add','Produto ao carrinho','TIRZ 20 – Tirzepatide 20mg','{"product_id":13}',0,'2025-11-04 00:37:24'),
    (98,'new_order','Novo Pedido','Pedido #8 de marcos','{"order_id":8,"total":250,"payment_method":"square"}',0,'2025-11-04 00:38:33'),
    (99,'new_order','Novo Pedido','Pedido #9 de Ana bianchi','{"order_id":9,"total":515,"payment_method":"zelle"}',0,'2025-11-04 00:41:40'),
    (100,'cart_add','Produto ao carrinho','TIRZ 30 – Tirzepatide 30mg','{"product_id":14}',0,'2025-11-04 01:05:52'),
    (101,'cart_add','Produto ao carrinho','TIRZ 15 – Tirzepatide 15mg','{"product_id":15}',0,'2025-11-04 02:06:02'),
    (102,'new_order','Novo Pedido','Pedido #10 de Peter Parker','{"order_id":10,"total":275,"payment_method":"square"}',0,'2025-11-04 02:26:06'),
    (103,'cart_add','Produto ao carrinho','TIRZ 20 – Tirzepatide 20mg','{"product_id":13}',0,'2025-11-04 03:04:56'),
    (104,'cart_add','Produto ao carrinho','TIRZ 20 – Tirzepatide 20mg','{"product_id":13}',0,'2025-11-04 03:12:20'),
    (105,'cart_add','Produto ao carrinho','TIRZ 20 – Tirzepatide 20mg','{"product_id":13}',0,'2025-11-04 03:12:28'),
    (106,'cart_add','Produto ao carrinho','TIRZ 60 – Tirzepatide 60mg','{"product_id":17}',0,'2025-11-04 04:10:20'),
    (107,'cart_add','Produto ao carrinho','TIRZ 50 – Tirzepatide 50mg','{"product_id":21}',0,'2025-11-04 06:54:43'),
    (108,'cart_add','Produto ao carrinho','TIRZ 50 – Tirzepatide 50mg','{"product_id":21}',0,'2025-11-04 06:54:49'),
    (109,'cart_add','Produto ao carrinho','TIRZ 30 – Tirzepatide 30mg','{"product_id":14}',0,'2025-11-04 11:24:30'),
    (110,'cart_add','Produto ao carrinho','TIRZ 50 – Tirzepatide 50mg','{"product_id":21}',0,'2025-11-04 12:06:15'),
    (111,'cart_add','Produto ao carrinho','TIRZ 20 – Tirzepatide 20mg','{"product_id":13}',0,'2025-11-04 13:07:06'),
    (112,'new_order','Novo Pedido','Pedido #11 de teste','{"order_id":11,"total":250,"payment_method":"zelle"}',0,'2025-11-04 13:07:58'),
    (113,'cart_add','Produto ao carrinho','TIRZ 20 – Tirzepatide 20mg','{"product_id":13}',0,'2025-11-04 13:12:21'),
    (114,'new_order','Novo Pedido','Pedido #12 de teste2mike','{"order_id":12,"total":250,"payment_method":"zelle"}',0,'2025-11-04 13:12:34'),
    (115,'cart_add','Produto ao carrinho','TIRZ 20 – Tirzepatide 20mg','{"product_id":13}',0,'2025-11-04 13:15:08'),
    (116,'new_order','Novo Pedido','Pedido #13 de miketeste23','{"order_id":13,"total":250,"payment_method":"zelle"}',0,'2025-11-04 13:15:19'),
    (117,'cart_add','Produto ao carrinho','TIRZ 20 – Tirzepatide 20mg','{"product_id":13}',0,'2025-11-04 14:21:49'),
    (118,'cart_add','Produto ao carrinho','TIRZ 20 – Tirzepatide 20mg','{"product_id":13}',0,'2025-11-04 14:21:50'),
    (119,'new_order','Novo Pedido','Pedido #14 de Ronielly O Silva','{"order_id":14,"total":500,"payment_method":"square"}',0,'2025-11-04 14:23:04'),
    (120,'cart_add','Produto ao carrinho','TIRZ 20 – Tirzepatide 20mg','{"product_id":13}',0,'2025-11-04 14:23:53'),
    (121,'cart_add','Produto ao carrinho','TIRZ 20 – Tirzepatide 20mg','{"product_id":13}',0,'2025-11-04 14:23:56'),
    (122,'new_order','Novo Pedido','Pedido #15 de Ronielly O Silva','{"order_id":15,"total":500,"payment_method":"square"}',0,'2025-11-04 14:25:02'),
    (123,'cart_add','Produto ao carrinho','TIRZ 20 – Tirzepatide 20mg','{"product_id":13}',0,'2025-11-04 16:04:45'),
    (124,'cart_add','Produto ao carrinho','Sterile Water','{"product_id":27}',0,'2025-11-04 16:31:09'),
    (125,'cart_add','Produto ao carrinho','TIRZ 20 – Tirzepatide 20mg','{"product_id":13}',0,'2025-11-04 17:11:13'),
    (126,'cart_add','Produto ao carrinho','TIRZ 20 – Tirzepatide 20mg','{"product_id":13}',0,'2025-11-04 17:11:17'),
    (127,'cart_add','Produto ao carrinho','TIRZ 20 – Tirzepatide 20mg','{"product_id":13}',0,'2025-11-04 17:12:17'),
    (128,'new_order','Novo Pedido','Pedido #16 de Welisson Dougras de Melo','{"order_id":16,"total":250,"payment_method":"zelle"}',0,'2025-11-04 17:17:10'),
    (129,'cart_add','Produto ao carrinho','TIRZ 30 – Tirzepatide 30mg','{"product_id":14}',0,'2025-11-04 17:35:35'),
    (130,'cart_add','Produto ao carrinho','TIRZ 20 – Tirzepatide 20mg','{"product_id":13}',0,'2025-11-04 18:33:47'),
    (131,'cart_add','Produto ao carrinho','TIRZ 20 – Tirzepatide 20mg','{"product_id":13}',0,'2025-11-04 22:45:21'),
    (132,'cart_add','Produto ao carrinho','TIRZ 40 – Tirzepatide 40mg','{"product_id":16}',0,'2025-11-04 23:22:05'),
    (133,'cart_add','Produto ao carrinho','TIRZ 20 – Tirzepatide 20mg','{"product_id":13}',0,'2025-11-04 23:36:03'),
    (134,'cart_add','Produto ao carrinho','TIRZ 20 – Tirzepatide 20mg','{"product_id":13}',0,'2025-11-04 23:36:10'),
    (135,'cart_add','Produto ao carrinho','TIRZ 20 – Tirzepatide 20mg','{"product_id":13}',0,'2025-11-04 23:36:12'),
    (136,'cart_add','Produto ao carrinho','TIRZ 20 – Tirzepatide 20mg','{"product_id":13}',0,'2025-11-04 23:36:13'),
    (137,'cart_add','Produto ao carrinho','TIRZ 20 – Tirzepatide 20mg','{"product_id":13}',0,'2025-11-04 23:36:37'),
    (138,'cart_add','Produto ao carrinho','TIRZ 20 – Tirzepatide 20mg','{"product_id":13}',0,'2025-11-04 23:39:59'),
    (139,'cart_add','Produto ao carrinho','TIRZ 30 – Tirzepatide 30mg','{"product_id":14}',0,'2025-11-04 23:40:48'),
    (140,'new_order','Novo Pedido','Pedido #17 de Nuliandra','{"order_id":17,"total":250,"payment_method":"square"}',0,'2025-11-04 23:41:27'),
    (141,'cart_add','Produto ao carrinho','TIRZ 20 – Tirzepatide 20mg','{"product_id":13}',0,'2025-11-04 23:47:56'),
    (142,'cart_add','Produto ao carrinho','Vitamina B12 0.5MG / 2ML','{"product_id":18}',0,'2025-11-04 23:49:30'),
    (143,'cart_add','Produto ao carrinho','TIRZ 20 – Tirzepatide 20mg','{"product_id":13}',0,'2025-11-04 23:54:52'),
    (144,'cart_add','Produto ao carrinho','TIRZ 20 – Tirzepatide 20mg','{"product_id":13}',0,'2025-11-04 23:54:58'),
    (145,'cart_add','Produto ao carrinho','TIRZ 20 – Tirzepatide 20mg','{"product_id":13}',0,'2025-11-04 23:54:59'),
    (146,'cart_add','Produto ao carrinho','TIRZ 20 – Tirzepatide 20mg','{"product_id":13}',0,'2025-11-05 00:18:19'),
    (147,'cart_add','Produto ao carrinho','TIRZ 50 – Tirzepatide 50mg','{"product_id":21}',0,'2025-11-05 00:32:21'),
    (148,'cart_add','Produto ao carrinho','TIRZ 30 – Tirzepatide 30mg','{"product_id":14}',0,'2025-11-05 00:32:32'),
    (149,'cart_add','Produto ao carrinho','TIRZ 30 – Tirzepatide 30mg','{"product_id":14}',0,'2025-11-05 00:33:20'),
    (150,'cart_add','Produto ao carrinho','TIRZ 40 – Tirzepatide 40mg','{"product_id":16}',0,'2025-11-05 00:33:30'),
    (151,'new_order','Novo Pedido','Pedido #18 de Fabiana','{"order_id":18,"total":415,"payment_method":"square"}',0,'2025-11-05 00:35:30'),
    (152,'cart_add','Produto ao carrinho','TIRZ 20 – Tirzepatide 20mg','{"product_id":13}',0,'2025-11-05 00:40:59'),
    (153,'cart_add','Produto ao carrinho','TIRZ 20 – Tirzepatide 20mg','{"product_id":13}',0,'2025-11-05 00:41:01'),
    (154,'cart_add','Produto ao carrinho','TIRZ 30 – Tirzepatide 30mg','{"product_id":14}',0,'2025-11-05 00:48:24'),
    (155,'cart_add','Produto ao carrinho','TIRZ 20 – Tirzepatide 20mg','{"product_id":13}',0,'2025-11-05 01:01:39'),
    (156,'cart_add','Produto ao carrinho','TIRZ 20 – Tirzepatide 20mg','{"product_id":13}',0,'2025-11-05 01:01:43'),
    (157,'cart_add','Produto ao carrinho','Vitamina B12 0.5MG / 2ML','{"product_id":18}',0,'2025-11-05 01:04:18'),
    (158,'cart_add','Produto ao carrinho','TIRZ 60 – Tirzepatide 60mg','{"product_id":17}',0,'2025-11-05 01:18:53'),
    (159,'new_order','Novo Pedido','Pedido #19 de Bruno Siqueira Lage','{"order_id":19,"total":515,"payment_method":"square"}',0,'2025-11-05 01:25:57'),
    (160,'cart_add','Produto ao carrinho','TIRZ 20 – Tirzepatide 20mg','{"product_id":13}',0,'2025-11-05 01:53:23'),
    (161,'cart_add','Produto ao carrinho','TIRZ 20 – Tirzepatide 20mg','{"product_id":13}',0,'2025-11-05 02:33:03'),
    (162,'cart_add','Produto ao carrinho','TIRZ 20 – Tirzepatide 20mg','{"product_id":13}',0,'2025-11-05 02:33:07'),
    (163,'cart_add','Produto ao carrinho','TIRZ 20 – Tirzepatide 20mg','{"product_id":13}',0,'2025-11-05 02:33:12'),
    (164,'new_order','Novo Pedido','Pedido #20 de Rodrigo F Silva','{"order_id":20,"total":250,"payment_method":"zelle"}',0,'2025-11-05 02:36:52'),
    (165,'cart_add','Produto ao carrinho','TIRZ 60 – Tirzepatide 60mg','{"product_id":17}',0,'2025-11-05 03:28:51'),
    (166,'cart_add','Produto ao carrinho','TIRZ 20 – Tirzepatide 20mg','{"product_id":13}',0,'2025-11-05 03:32:09'),
    (167,'cart_add','Produto ao carrinho','TIRZ 20 – Tirzepatide 20mg','{"product_id":13}',0,'2025-11-05 03:32:16'),
    (168,'cart_add','Produto ao carrinho','TIRZ 20 – Tirzepatide 20mg','{"product_id":13}',0,'2025-11-05 03:32:17'),
    (169,'cart_add','Produto ao carrinho','TIRZ 20 – Tirzepatide 20mg','{"product_id":13}',0,'2025-11-05 03:32:18'),
    (170,'cart_add','Produto ao carrinho','TIRZ 20 – Tirzepatide 20mg','{"product_id":13}',0,'2025-11-05 03:32:19'),
    (171,'cart_add','Produto ao carrinho','TIRZ 20 – Tirzepatide 20mg','{"product_id":13}',0,'2025-11-05 03:43:38'),
    (172,'cart_add','Produto ao carrinho','TIRZ 20 – Tirzepatide 20mg','{"product_id":13}',0,'2025-11-05 03:43:45'),
    (173,'cart_add','Produto ao carrinho','TIRZ 20 – Tirzepatide 20mg','{"product_id":13}',0,'2025-11-05 03:43:50'),
    (174,'cart_add','Produto ao carrinho','TIRZ 30 – Tirzepatide 30mg','{"product_id":14}',0,'2025-11-05 04:29:59'),
    (175,'cart_add','Produto ao carrinho','TIRZ 20 – Tirzepatide 20mg','{"product_id":13}',0,'2025-11-05 04:31:19'),
    (176,'cart_add','Produto ao carrinho','TIRZ 30 – Tirzepatide 30mg','{"product_id":14}',0,'2025-11-05 04:37:02'),
    (177,'cart_add','Produto ao carrinho','Mix Shot Burner -10ml','{"product_id":19}',0,'2025-11-05 04:38:21'),
    (178,'cart_add','Produto ao carrinho','TIRZ 20 – Tirzepatide 20mg','{"product_id":13}',0,'2025-11-05 07:36:37'),
    (179,'cart_add','Produto ao carrinho','TIRZ 20 – Tirzepatide 20mg','{"product_id":13}',0,'2025-11-05 07:36:40'),
    (180,'cart_add','Produto ao carrinho','TIRZ 20 – Tirzepatide 20mg','{"product_id":13}',0,'2025-11-05 07:36:42'),
    (181,'new_order','Novo Pedido','Pedido #21 de Renato','{"order_id":21,"total":250,"payment_method":"square"}',0,'2025-11-05 07:38:32'),
    (182,'cart_add','Produto ao carrinho','TIRZ 20 – Tirzepatide 20mg','{"product_id":13}',0,'2025-11-05 10:03:11'),
    (183,'cart_add','Produto ao carrinho','TIRZ 40 – Tirzepatide 40mg','{"product_id":16}',0,'2025-11-05 12:22:45'),
    (184,'cart_add','Produto ao carrinho','TIRZ 40 – Tirzepatide 40mg','{"product_id":16}',0,'2025-11-05 12:22:49'),
    (185,'cart_add','Produto ao carrinho','RETA 50 – Retatrutide 50mg','{"product_id":26}',0,'2025-11-05 12:23:10'),
    (186,'cart_add','Produto ao carrinho','Vitamina B12 0.5MG / 2ML','{"product_id":18}',0,'2025-11-05 12:24:22'),
    (187,'cart_add','Produto ao carrinho','Vitamina B12 0.5MG / 2ML','{"product_id":18}',0,'2025-11-05 12:24:25'),
    (188,'cart_add','Produto ao carrinho','TIRZ 50 – Tirzepatide 50mg','{"product_id":21}',0,'2025-11-05 12:51:00'),
    (189,'cart_add','Produto ao carrinho','TIRZ 20 – Tirzepatide 20mg','{"product_id":13}',0,'2025-11-05 13:34:38'),
    (190,'cart_add','Produto ao carrinho','Vitamina B12 0.5MG / 2ML','{"product_id":18}',0,'2025-11-05 13:35:07'),
    (191,'cart_add','Produto ao carrinho','TIRZ 20 – Tirzepatide 20mg','{"product_id":13}',0,'2025-11-05 13:39:48'),
    (192,'cart_add','Produto ao carrinho','TIRZ 20 – Tirzepatide 20mg','{"product_id":13}',0,'2025-11-05 13:39:50'),
    (193,'cart_add','Produto ao carrinho','TIRZ 20 – Tirzepatide 20mg','{"product_id":13}',0,'2025-11-05 13:39:54'),
    (194,'cart_add','Produto ao carrinho','Vitamina B12 0.5MG / 2ML','{"product_id":18}',0,'2025-11-05 13:40:00'),
    (195,'cart_add','Produto ao carrinho','TIRZ 20 – Tirzepatide 20mg','{"product_id":13}',0,'2025-11-05 13:42:29'),
    (196,'cart_add','Produto ao carrinho','TIRZ 20 – Tirzepatide 20mg','{"product_id":13}',0,'2025-11-05 13:42:31'),
    (197,'cart_add','Produto ao carrinho','TIRZ 20 – Tirzepatide 20mg','{"product_id":13}',0,'2025-11-05 13:42:32'),
    (198,'cart_add','Produto ao carrinho','TIRZ 20 – Tirzepatide 20mg','{"product_id":13}',0,'2025-11-05 13:42:33'),
    (199,'cart_add','Produto ao carrinho','TIRZ 20 – Tirzepatide 20mg','{"product_id":13}',0,'2025-11-05 13:44:19'),
    (200,'cart_add','Produto ao carrinho','TIRZ 30 – Tirzepatide 30mg','{"product_id":14}',0,'2025-11-05 13:44:52'),
    (201,'cart_add','Produto ao carrinho','TIRZ 20 – Tirzepatide 20mg','{"product_id":13}',0,'2025-11-05 13:44:55'),
    (202,'cart_add','Produto ao carrinho','TIRZ 20 – Tirzepatide 20mg','{"product_id":13}',0,'2025-11-05 13:44:56'),
    (203,'cart_add','Produto ao carrinho','TIRZ 20 – Tirzepatide 20mg','{"product_id":13}',0,'2025-11-05 13:45:31'),
    (204,'cart_add','Produto ao carrinho','TIRZ 30 – Tirzepatide 30mg','{"product_id":14}',0,'2025-11-05 13:53:32'),
    (205,'cart_add','Produto ao carrinho','TIRZ 30 – Tirzepatide 30mg','{"product_id":14}',0,'2025-11-05 14:29:51'),
    (206,'cart_add','Produto ao carrinho','TIRZ 20 – Tirzepatide 20mg','{"product_id":13}',0,'2025-11-05 15:47:36'),
    (207,'new_order','Novo Pedido','Pedido #22 de Michele Araújo','{"order_id":22,"total":365,"payment_method":"square"}',0,'2025-11-05 15:55:55'),
    (208,'cart_add','Produto ao carrinho','TIRZ 30 – Tirzepatide 30mg','{"product_id":78}',0,'2025-11-05 16:48:23'),
    (209,'new_order','Novo Pedido','Pedido #23 de Thiago','{"order_id":23,"total":377,"payment_method":"square"}',0,'2025-11-05 16:50:50'),
    (210,'cart_add','Produto ao carrinho','Mix Shot Burner -10ml','{"product_id":83}',0,'2025-11-05 16:55:13'),
    (211,'cart_add','Produto ao carrinho','Mix Shot Burner -10ml','{"product_id":83}',0,'2025-11-05 16:55:14'),
    (212,'cart_add','Produto ao carrinho','TIRZ 20 – Tirzepatide 20mg','{"product_id":13}',0,'2025-11-05 17:07:42'),
    (213,'cart_add','Produto ao carrinho','TIRZ 20 – Tirzepatide 20mg','{"product_id":13}',0,'2025-11-05 17:58:24'),
    (214,'cart_add','Produto ao carrinho','TIRZ 20 – Tirzepatide 20mg','{"product_id":13}',0,'2025-11-05 18:51:00'),
    (215,'cart_add','Produto ao carrinho','TIRZ 20 – Tirzepatide 20mg','{"product_id":13}',0,'2025-11-05 18:52:23'),
    (216,'cart_add','Produto ao carrinho','TIRZ 15 – Tirzepatide 15mg','{"product_id":79}',0,'2025-11-05 19:09:22'),
    (217,'cart_add','Produto ao carrinho','TIRZ 15 – Tirzepatide 15mg','{"product_id":79}',0,'2025-11-05 19:09:23'),
    (218,'cart_add','Produto ao carrinho','TIRZ 15 – Tirzepatide 15mg','{"product_id":79}',0,'2025-11-05 19:09:30'),
    (219,'cart_add','Produto ao carrinho','TIRZ 15 – Tirzepatide 15mg','{"product_id":79}',0,'2025-11-05 19:09:32'),
    (220,'cart_add','Produto ao carrinho','TIRZ 15 – Tirzepatide 15mg','{"product_id":79}',0,'2025-11-05 19:09:33'),
    (221,'new_order','Novo Pedido','Pedido #24 de SIMY TOBELEM SILVA','{"order_id":24,"total":287,"payment_method":"zelle"}',0,'2025-11-05 19:11:33'),
    (222,'cart_add','Produto ao carrinho','TIRZ 20 – Tirzepatide 20mg','{"product_id":13}',0,'2025-11-05 19:13:20'),
    (223,'new_order','Novo Pedido','Pedido #25 de SIMY TOBELEM SILVA','{"order_id":25,"total":327,"payment_method":"zelle"}',0,'2025-11-05 19:14:25'),
    (224,'cart_add','Produto ao carrinho','TIRZ 20 – Tirzepatide 20mg','{"product_id":13}',0,'2025-11-05 19:19:33'),
    (225,'cart_add','Produto ao carrinho','TIRZ 20 – Tirzepatide 20mg','{"product_id":13}',0,'2025-11-05 19:31:06'),
    (226,'new_order','Novo Pedido','Pedido #26 de Evelyn Camargo','{"order_id":26,"total":250,"payment_method":"square"}',0,'2025-11-05 19:32:53'),
    (227,'new_order','Novo Pedido','Pedido #27 de Ana Maria  Borges Coelho','{"order_id":27,"total":250,"payment_method":"square"}',0,'2025-11-05 19:34:00'),
    (228,'cart_add','Produto ao carrinho','TIRZ 20 – Tirzepatide 20mg','{"product_id":13}',0,'2025-11-05 19:35:15'),
    (229,'new_order','Novo Pedido','Pedido #28 de Evelyn Camargo','{"order_id":28,"total":250,"payment_method":"square"}',0,'2025-11-05 19:35:41'),
    (230,'cart_add','Produto ao carrinho','TIRZ 20 – Tirzepatide 20mg','{"product_id":13}',0,'2025-11-05 20:06:02'),
    (231,'cart_add','Produto ao carrinho','TIRZ 15 – Tirzepatide 15mg','{"product_id":79}',0,'2025-11-05 20:38:29')
ON DUPLICATE KEY UPDATE type=VALUES(type), title=VALUES(title), message=VALUES(message), data=VALUES(data), is_read=VALUES(is_read), created_at=VALUES(created_at);

COMMIT;
