[
    {
        "id": 10,
        "name": "TIRZ",
        "slug": "tirz",
        "description": null,
        "image_path": null,
        "active": 1,
        "sort_order": 1,
        "created_at": "2025-11-02 08:49:32"
    },
    {
        "id": 11,
        "name": "RETA",
        "slug": "reta",
        "description": null,
        "image_path": null,
        "active": 1,
        "sort_order": 0,
        "created_at": "2025-11-02 08:49:37"
    },
    {
        "id": 12,
        "name": "VITAMINA",
        "slug": "vitamina",
        "description": null,
        "image_path": null,
        "active": 1,
        "sort_order": 0,
        "created_at": "2025-11-02 08:49:43"
    },
    {
        "id": 13,
        "name": "SUPLEMENTO",
        "slug": "suplemento",
        "description": null,
        "image_path": null,
        "active": 1,
        "sort_order": 0,
        "created_at": "2025-11-02 08:49:51"
    }
]