[
    {
        "id": 1,
        "first_name": "MIke",
        "last_name": "lins",
        "name": "MIke lins",
        "email": "mike@Mmlins.com",
        "phone": "38383838383",
        "address": "massashuts",
        "address2": null,
        "city": "",
        "state": "",
        "zipcode": "57100",
        "country": "BR",
        "created_at": "2025-11-02 06:07:26"
    },
    {
        "id": 2,
        "first_name": "Larissa",
        "last_name": "",
        "name": "Larissa",
        "email": "larissa_carvalho_20@hotmail.com",
        "phone": "8572870826",
        "address": "350 highland Avenue apt32",
        "address2": null,
        "city": "",
        "state": "",
        "zipcode": "02148",
        "country": "BR",
        "created_at": "2025-11-02 10:57:33"
    },
    {
        "id": 3,
        "first_name": "Edson",
        "last_name": "Jeronimo filho",
        "name": "Edson Jeronimo filho",
        "email": "edson.montec@gmail.com",
        "phone": "011990121998",
        "address": "Rua Maria de Jesus Medeiros Quitéria n⁰15",
        "address2": null,
        "city": "",
        "state": "",
        "zipcode": "09371-078",
        "country": "BR",
        "created_at": "2025-11-02 11:46:29"
    },
    {
        "id": 4,
        "first_name": "Mario",
        "last_name": "Lana",
        "name": "Mario Lana",
        "email": "mariolana78@hotmail.com",
        "phone": "9783323492",
        "address": "13 Prospect hts, Milford MA",
        "address2": null,
        "city": "",
        "state": "",
        "zipcode": "01757",
        "country": "BR",
        "created_at": "2025-11-02 15:14:03"
    },
    {
        "id": 5,
        "first_name": "Cristiano",
        "last_name": "pereira",
        "name": "Cristiano pereira",
        "email": "juliaribeiroamorim@icloud.com",
        "phone": "9785967625",
        "address": "136 chapel st",
        "address2": null,
        "city": "",
        "state": "",
        "zipcode": "01852",
        "country": "BR",
        "created_at": "2025-11-02 18:30:41"
    },
    {
        "id": 6,
        "first_name": "Galba",
        "last_name": "carvalho",
        "name": "Galba carvalho",
        "email": "galbacarvalho1972@icloud.com",
        "phone": "5083958623",
        "address": "49 pond st Natick Ma",
        "address2": null,
        "city": "",
        "state": "",
        "zipcode": "01760",
        "country": "BR",
        "created_at": "2025-11-03 09:31:57"
    },
    {
        "id": 7,
        "first_name": "Galba",
        "last_name": "carvalho",
        "name": "Galba carvalho",
        "email": "galbacarvalho1972@icloud.com",
        "phone": "5083958623",
        "address": "49 pond st Natick Ma",
        "address2": null,
        "city": "",
        "state": "",
        "zipcode": "01760",
        "country": "BR",
        "created_at": "2025-11-03 09:35:23"
    },
    {
        "id": 8,
        "first_name": "marcos",
        "last_name": "",
        "name": "marcos",
        "email": "markim2025@gmail.com",
        "phone": "5615066204",
        "address": "2273 deer creek alba way",
        "address2": null,
        "city": "",
        "state": "",
        "zipcode": "33442",
        "country": "BR",
        "created_at": "2025-11-03 21:38:33"
    },
    {
        "id": 9,
        "first_name": "Ana",
        "last_name": "bianchi",
        "name": "Ana bianchi",
        "email": "anabianchi222@gmail.com",
        "phone": "7744056129",
        "address": "165 ames st , Marlborough MA 01752 , unit 3009",
        "address2": null,
        "city": "",
        "state": "",
        "zipcode": "01752",
        "country": "BR",
        "created_at": "2025-11-03 21:41:40"
    },
    {
        "id": 10,
        "first_name": "Peter",
        "last_name": "Parker",
        "name": "Peter Parker",
        "email": "john.greeeeeen@gmail.com",
        "phone": "559551583801",
        "address": "R. Brg. Tobias, 527. SP Brazil",
        "address2": null,
        "city": "",
        "state": "",
        "zipcode": "01032-001",
        "country": "BR",
        "created_at": "2025-11-03 23:26:06"
    },
    {
        "id": 11,
        "first_name": "teste",
        "last_name": "",
        "name": "teste",
        "email": "mike@mmlins.com.br",
        "phone": "82996669740",
        "address": "03 Travessa intendente Julio Calheiros",
        "address2": null,
        "city": "",
        "state": "",
        "zipcode": "57100-000",
        "country": "BR",
        "created_at": "2025-11-04 10:07:58"
    },
    {
        "id": 12,
        "first_name": "teste2mike",
        "last_name": "",
        "name": "teste2mike",
        "email": "mike@mmlins.com.br",
        "phone": "82996669740",
        "address": "03 Travessa intendente Julio Calheiros",
        "address2": null,
        "city": "",
        "state": "",
        "zipcode": "57100-000",
        "country": "BR",
        "created_at": "2025-11-04 10:12:34"
    },
    {
        "id": 13,
        "first_name": "miketeste23",
        "last_name": "",
        "name": "miketeste23",
        "email": "mike@mmlins.com.br",
        "phone": "82996669740",
        "address": "03 Travessa intendente Julio Calheiros",
        "address2": null,
        "city": "",
        "state": "",
        "zipcode": "57100-000",
        "country": "BR",
        "created_at": "2025-11-04 10:15:19"
    },
    {
        "id": 14,
        "first_name": "Ronielly",
        "last_name": "O Silva",
        "name": "Ronielly O Silva",
        "email": "roniellyosilva@gmail.com",
        "phone": "561 6744746",
        "address": "147 N Hampton Dr",
        "address2": null,
        "city": "",
        "state": "",
        "zipcode": "33897",
        "country": "BR",
        "created_at": "2025-11-04 11:23:04"
    },
    {
        "id": 15,
        "first_name": "Ronielly",
        "last_name": "O Silva",
        "name": "Ronielly O Silva",
        "email": "roniellyosilva@gmail.com",
        "phone": "561 674 4746",
        "address": "147 N Hampton Dr",
        "address2": null,
        "city": "",
        "state": "",
        "zipcode": "33897",
        "country": "BR",
        "created_at": "2025-11-04 11:25:02"
    },
    {
        "id": 16,
        "first_name": "Welisson",
        "last_name": "Dougras de Melo",
        "name": "Welisson Dougras de Melo",
        "email": "welissondougras78@gmail.com",
        "phone": "7743600357",
        "address": "969 W Main Rd Apt: 4402",
        "address2": null,
        "city": "",
        "state": "",
        "zipcode": "02842",
        "country": "BR",
        "created_at": "2025-11-04 20:36:52"
    },
    {
        "id": 17,
        "first_name": "Nuliandra",
        "last_name": "",
        "name": "Nuliandra",
        "email": "nulialves19@gmail.com",
        "phone": "9785695781",
        "address": "42 union st lowell",
        "address2": null,
        "city": "",
        "state": "",
        "zipcode": "01852",
        "country": "BR",
        "created_at": "2025-11-05 18:26:34"
    },
    {
        "id": 18,
        "first_name": "Fabiana",
        "last_name": "",
        "name": "Fabiana",
        "email": "fahmartins31@gmail.com",
        "phone": "9788968994",
        "address": "9 Emerson st Peabody",
        "address2": null,
        "city": "",
        "state": "",
        "zipcode": "01960",
        "country": "BR",
        "created_at": "2025-11-05 00:35:30"
    },
    {
        "id": 19,
        "first_name": "Bruno",
        "last_name": "Siqueira Lage",
        "name": "Bruno Siqueira Lage",
        "email": "brunoslage13@gmail.com",
        "phone": "7743861304",
        "address": "20 florence st Milford Massachusetts",
        "address2": null,
        "city": "",
        "state": "",
        "zipcode": "01757",
        "country": "BR",
        "created_at": "2025-11-05 01:25:57"
    },
    {
        "id": 20,
        "first_name": "Rodrigo",
        "last_name": "F Silva",
        "name": "Rodrigo F Silva",
        "email": "xrodrigof@hotmail.com",
        "phone": "7743223638",
        "address": "8 Maple st  apt 5",
        "address2": null,
        "city": "",
        "state": "",
        "zipcode": "01756",
        "country": "BR",
        "created_at": "2025-11-05 02:36:52"
    },
    {
        "id": 21,
        "first_name": "Renato",
        "last_name": "",
        "name": "Renato",
        "email": "renatocesarazevedo@hotmail.com",
        "phone": "8575045859",
        "address": "3 valley view way",
        "address2": null,
        "city": "",
        "state": "",
        "zipcode": "01464",
        "country": "BR",
        "created_at": "2025-11-05 07:38:32"
    },
    {
        "id": 22,
        "first_name": "Michele",
        "last_name": "Araújo",
        "name": "Michele Araújo",
        "email": "micheledearaujo29@yahoo.com.br",
        "phone": "8135851024",
        "address": "12309 Hawthorne view court",
        "address2": null,
        "city": "",
        "state": "",
        "zipcode": "33626",
        "country": "BR",
        "created_at": "2025-11-05 15:55:55"
    },
    {
        "id": 23,
        "first_name": "Thiago",
        "last_name": "",
        "name": "Thiago",
        "email": "galvaobthiago@gmail.com",
        "phone": "3132963164",
        "address": "19756 Haggerty rd, apt 137, Livonia, MI",
        "address2": null,
        "city": "",
        "state": "",
        "zipcode": "48152",
        "country": "BR",
        "created_at": "2025-11-05 16:50:50"
    },
    {
        "id": 24,
        "first_name": "SIMY",
        "last_name": "TOBELEM SILVA",
        "name": "SIMY TOBELEM SILVA",
        "email": "simytobelem@yahoo.com",
        "phone": "5619299618",
        "address": "652 Pisa pass, bldg 45",
        "address2": null,
        "city": "",
        "state": "",
        "zipcode": "33897",
        "country": "BR",
        "created_at": "2025-11-05 19:11:33"
    },
    {
        "id": 25,
        "first_name": "SIMY",
        "last_name": "TOBELEM SILVA",
        "name": "SIMY TOBELEM SILVA",
        "email": "SIMYTOBELEM@YAHOO.COM",
        "phone": "5619299618",
        "address": "652 PISA PASS\\r\\nbldg 45",
        "address2": null,
        "city": "",
        "state": "",
        "zipcode": "33897",
        "country": "BR",
        "created_at": "2025-11-05 19:14:25"
    },
    {
        "id": 26,
        "first_name": "Evelyn",
        "last_name": "Camargo",
        "name": "Evelyn Camargo",
        "email": "evelyn.camargo95@hotmail.com",
        "phone": "9098198684",
        "address": "9079 whirlaway ct rancho cucamonga, ca",
        "address2": null,
        "city": "",
        "state": "",
        "zipcode": "91737",
        "country": "BR",
        "created_at": "2025-11-05 19:32:53"
    },
    {
        "id": 27,
        "first_name": "Ana",
        "last_name": "Maria Borges Coelho",
        "name": "Ana Maria  Borges Coelho",
        "email": "anamaria.gomesborges@gmail.com",
        "phone": "+1(978)3936700",
        "address": "7 Esquire Circle #3\\r\\nPeabody  MA 01960\\r\\nEstados Unidos",
        "address2": null,
        "city": "",
        "state": "",
        "zipcode": "01960",
        "country": "BR",
        "created_at": "2025-11-05 19:34:00"
    },
    {
        "id": 28,
        "first_name": "Evelyn",
        "last_name": "Camargo",
        "name": "Evelyn Camargo",
        "email": "evelyn.camargo95@hotmail.com",
        "phone": "9098198684",
        "address": "9079 whirlaway ct rancho cucamonga, ca 91737",
        "address2": null,
        "city": "",
        "state": "",
        "zipcode": "91737",
        "country": "BR",
        "created_at": "2025-11-05 19:35:41"
    },
    {
        "id": 29,
        "first_name": "Michele",
        "last_name": "Araujo",
        "name": "Michele Araujo",
        "email": "micheledearaujo29@yahoo.com.br",
        "phone": "8135851024",
        "address": "12309 Hawthorne",
        "address2": "",
        "city": "Hawthorne",
        "state": "AL",
        "zipcode": "33626",
        "country": "US",
        "created_at": "2025-11-05 21:05:52"
    }
]