[
    {
        "id": 13,
        "category_id": 11,
        "sku": "TIRZ-001",
        "slug": "tirz-001",
        "name": "TIRZ 20 – Tirzepatide 20mg",
        "description": "Tirzepatide 20mg para tratamento",
        "price": "250.00",
        "price_compare": "320.00",
        "currency": "USD",
        "shipping_cost": "0.00",
        "stock": 100,
        "image_path": "https:\/\/store.nestgeneralservices.company\/wp-content\/uploads\/2025\/09\/20.png",
        "square_payment_link": "https:\/\/square.link\/u\/KvS3pgmm",
        "square_credit_link": "https:\/\/square.link\/u\/KvS3pgmm",
        "square_debit_link": "https:\/\/square.link\/u\/KvS3pgmm",
        "square_afterpay_link": "https:\/\/square.link\/u\/KvS3pgmm",
        "stripe_payment_link": "",
        "active": 1,
        "featured": 1,
        "meta_title": null,
        "meta_description": null,
        "created_at": "2025-11-02 08:48:03",
        "updated_at": "2025-11-05 19:16:50"
    },
    {
        "id": 14,
        "category_id": null,
        "sku": "TIRZ-002",
        "slug": "tirz-002",
        "name": "TIRZ 30 – Tirzepatide 30mg",
        "description": "Tirzepatide 30mg para tratamento",
        "price": "370.00",
        "price_compare": null,
        "currency": "USD",
        "shipping_cost": "7.00",
        "stock": 100,
        "image_path": "https:\/\/store.nestgeneralservices.company\/wp-content\/uploads\/2025\/09\/30.png",
        "square_payment_link": "https:\/\/square.link\/u\/l9KQMPhT",
        "square_credit_link": "",
        "square_debit_link": "",
        "square_afterpay_link": "",
        "stripe_payment_link": "",
        "active": 1,
        "featured": 0,
        "meta_title": null,
        "meta_description": null,
        "created_at": "2025-11-05 16:08:42",
        "updated_at": "2025-11-05 16:29:21"
    },
    {
        "id": 15,
        "category_id": null,
        "sku": "TIRZ-003",
        "slug": "tirz-003",
        "name": "TIRZ 15 – Tirzepatide 15mg",
        "description": "Tirzepatide 15mg para tratamento",
        "price": "280.00",
        "price_compare": null,
        "currency": "USD",
        "shipping_cost": "7.00",
        "stock": 100,
        "image_path": "https:\/\/store.nestgeneralservices.company\/wp-content\/uploads\/2025\/09\/15.png",
        "square_payment_link": "https:\/\/square.link\/u\/ItAGrpHg",
        "square_credit_link": "",
        "square_debit_link": "",
        "square_afterpay_link": "",
        "stripe_payment_link": "",
        "active": 1,
        "featured": 0,
        "meta_title": null,
        "meta_description": null,
        "created_at": "2025-11-05 16:08:42",
        "updated_at": "2025-11-05 16:29:21"
    },
    {
        "id": 16,
        "category_id": null,
        "sku": "TIRZ-004",
        "slug": "tirz-004",
        "name": "TIRZ 40 – Tirzepatide 40mg",
        "description": "Tirzepatide 40mg para tratamento",
        "price": "420.00",
        "price_compare": null,
        "currency": "USD",
        "shipping_cost": "7.00",
        "stock": 100,
        "image_path": "https:\/\/store.nestgeneralservices.company\/wp-content\/uploads\/2025\/09\/40.png",
        "square_payment_link": "https:\/\/square.link\/u\/cilVU3dw",
        "square_credit_link": "",
        "square_debit_link": "",
        "square_afterpay_link": "",
        "stripe_payment_link": "",
        "active": 1,
        "featured": 0,
        "meta_title": null,
        "meta_description": null,
        "created_at": "2025-11-05 16:08:42",
        "updated_at": "2025-11-05 16:29:21"
    },
    {
        "id": 17,
        "category_id": null,
        "sku": "TIRZ-005",
        "slug": "tirz-005",
        "name": "TIRZ 60 – Tirzepatide 60mg",
        "description": "Tirzepatide 60mg para tratamento",
        "price": "520.00",
        "price_compare": null,
        "currency": "USD",
        "shipping_cost": "7.00",
        "stock": 100,
        "image_path": "https:\/\/store.nestgeneralservices.company\/wp-content\/uploads\/2025\/08\/ChatGPT-Image-16-de-set.-de-2025-18_21_31.png",
        "square_payment_link": "https:\/\/square.link\/u\/A69ku30z",
        "square_credit_link": "",
        "square_debit_link": "",
        "square_afterpay_link": "",
        "stripe_payment_link": "",
        "active": 1,
        "featured": 0,
        "meta_title": null,
        "meta_description": null,
        "created_at": "2025-11-05 16:08:42",
        "updated_at": "2025-11-05 16:29:21"
    },
    {
        "id": 18,
        "category_id": null,
        "sku": "VIT-001",
        "slug": "vit-001",
        "name": "Vitamina B12 0.5MG \/ 2ML",
        "description": "Vitamina B12 injetável",
        "price": "15.00",
        "price_compare": null,
        "currency": "USD",
        "shipping_cost": "7.00",
        "stock": 100,
        "image_path": "https:\/\/store.nestgeneralservices.company\/wp-content\/uploads\/2025\/09\/b12.png",
        "square_payment_link": "",
        "square_credit_link": "",
        "square_debit_link": "",
        "square_afterpay_link": "",
        "stripe_payment_link": "",
        "active": 1,
        "featured": 0,
        "meta_title": null,
        "meta_description": null,
        "created_at": "2025-11-05 16:08:42",
        "updated_at": "2025-11-05 16:08:42"
    },
    {
        "id": 19,
        "category_id": null,
        "sku": "MIX-001",
        "slug": "mix-001",
        "name": "Mix Shot Burner -10ml",
        "description": "Mix Shot Burner queimador de gordura",
        "price": "160.00",
        "price_compare": null,
        "currency": "USD",
        "shipping_cost": "7.00",
        "stock": 100,
        "image_path": "https:\/\/store.nestgeneralservices.company\/wp-content\/uploads\/2025\/08\/ChatGPT-Image-17-de-set.-de-2025-15_59_05.png",
        "square_payment_link": "",
        "square_credit_link": "",
        "square_debit_link": "",
        "square_afterpay_link": "",
        "stripe_payment_link": "",
        "active": 1,
        "featured": 0,
        "meta_title": null,
        "meta_description": null,
        "created_at": "2025-11-05 16:08:42",
        "updated_at": "2025-11-05 16:08:42"
    },
    {
        "id": 20,
        "category_id": null,
        "sku": "VIT-003",
        "slug": "vit-003",
        "name": "Vitamina D - 10mg - 2000 ui",
        "description": "Vitamina D 2000 UI",
        "price": "30.00",
        "price_compare": null,
        "currency": "USD",
        "shipping_cost": "7.00",
        "stock": 100,
        "image_path": "https:\/\/store.nestgeneralservices.company\/wp-content\/uploads\/2025\/09\/vitamina-d.png",
        "square_payment_link": "",
        "square_credit_link": "",
        "square_debit_link": "",
        "square_afterpay_link": "",
        "stripe_payment_link": "",
        "active": 1,
        "featured": 0,
        "meta_title": null,
        "meta_description": null,
        "created_at": "2025-11-05 16:08:42",
        "updated_at": "2025-11-05 16:08:42"
    },
    {
        "id": 21,
        "category_id": null,
        "sku": "TIRZ-006",
        "slug": "tirz-006",
        "name": "TIRZ 50 – Tirzepatide 50mg",
        "description": "Tirzepatide 50mg para tratamento",
        "price": "470.00",
        "price_compare": null,
        "currency": "USD",
        "shipping_cost": "7.00",
        "stock": 100,
        "image_path": "https:\/\/store.nestgeneralservices.company\/wp-content\/uploads\/2025\/09\/ChatGPT-Image-16-de-set.-de-2025-18_13_33.png",
        "square_payment_link": "https:\/\/square.link\/u\/DJIjLR9j",
        "square_credit_link": "",
        "square_debit_link": "",
        "square_afterpay_link": "",
        "stripe_payment_link": "",
        "active": 1,
        "featured": 0,
        "meta_title": null,
        "meta_description": null,
        "created_at": "2025-11-05 16:08:42",
        "updated_at": "2025-11-05 16:29:21"
    },
    {
        "id": 22,
        "category_id": null,
        "sku": "RETA-001",
        "slug": "reta-001",
        "name": "RETA 15 – Retatrutide 15mg",
        "description": "Retatrutide 15mg para tratamento",
        "price": "320.00",
        "price_compare": null,
        "currency": "USD",
        "shipping_cost": "7.00",
        "stock": 10,
        "image_path": "https:\/\/store.nestgeneralservices.company\/wp-content\/uploads\/2025\/09\/15-1.png",
        "square_payment_link": "https:\/\/square.link\/u\/6ljvNcEz",
        "square_credit_link": "",
        "square_debit_link": "",
        "square_afterpay_link": "",
        "stripe_payment_link": "",
        "active": 1,
        "featured": 0,
        "meta_title": null,
        "meta_description": null,
        "created_at": "2025-11-05 16:08:42",
        "updated_at": "2025-11-05 16:29:21"
    },
    {
        "id": 23,
        "category_id": null,
        "sku": "RETA-002",
        "slug": "reta-002",
        "name": "RETA 20 – Retatrutide 20mg",
        "description": "Retatrutide 20mg para tratamento",
        "price": "250.00",
        "price_compare": "370.00",
        "currency": "USD",
        "shipping_cost": "0.00",
        "stock": 9,
        "image_path": "https:\/\/store.nestgeneralservices.company\/wp-content\/uploads\/2025\/09\/20-1.png",
        "square_payment_link": "https:\/\/square.link\/u\/pLTeZbVf",
        "square_credit_link": "",
        "square_debit_link": "",
        "square_afterpay_link": "",
        "stripe_payment_link": "",
        "active": 1,
        "featured": 0,
        "meta_title": null,
        "meta_description": null,
        "created_at": "2025-11-05 16:08:42",
        "updated_at": "2025-11-05 19:09:51"
    },
    {
        "id": 24,
        "category_id": null,
        "sku": "RETA-003",
        "slug": "reta-003",
        "name": "RETA 30 – Retatrutide 30mg",
        "description": "Retatrutide 30mg para tratamento",
        "price": "420.00",
        "price_compare": null,
        "currency": "USD",
        "shipping_cost": "7.00",
        "stock": 10,
        "image_path": "https:\/\/store.nestgeneralservices.company\/wp-content\/uploads\/2025\/09\/30-1.png",
        "square_payment_link": "https:\/\/square.link\/u\/b7X2o6jP",
        "square_credit_link": "",
        "square_debit_link": "",
        "square_afterpay_link": "",
        "stripe_payment_link": "",
        "active": 1,
        "featured": 0,
        "meta_title": null,
        "meta_description": null,
        "created_at": "2025-11-05 16:08:42",
        "updated_at": "2025-11-05 16:29:21"
    },
    {
        "id": 25,
        "category_id": null,
        "sku": "RETA-004",
        "slug": "reta-004",
        "name": "RETA 40 – Retatrutide 40mg",
        "description": "Retatrutide 40mg para tratamento",
        "price": "470.00",
        "price_compare": null,
        "currency": "USD",
        "shipping_cost": "7.00",
        "stock": 10,
        "image_path": "https:\/\/store.nestgeneralservices.company\/wp-content\/uploads\/2025\/09\/40-1.png",
        "square_payment_link": "https:\/\/square.link\/u\/kFzMe83r",
        "square_credit_link": "",
        "square_debit_link": "",
        "square_afterpay_link": "",
        "stripe_payment_link": "",
        "active": 1,
        "featured": 0,
        "meta_title": null,
        "meta_description": null,
        "created_at": "2025-11-05 16:08:42",
        "updated_at": "2025-11-05 16:29:21"
    },
    {
        "id": 26,
        "category_id": null,
        "sku": "RETA-005",
        "slug": "reta-005",
        "name": "RETA 50 – Retatrutide 50mg",
        "description": "Retatrutide 50mg para tratamento",
        "price": "520.00",
        "price_compare": null,
        "currency": "USD",
        "shipping_cost": "7.00",
        "stock": 10,
        "image_path": "https:\/\/store.nestgeneralservices.company\/wp-content\/uploads\/2025\/09\/50.png",
        "square_payment_link": "https:\/\/square.link\/u\/iu5LpABj",
        "square_credit_link": "",
        "square_debit_link": "",
        "square_afterpay_link": "",
        "stripe_payment_link": "",
        "active": 1,
        "featured": 0,
        "meta_title": null,
        "meta_description": null,
        "created_at": "2025-11-05 16:08:42",
        "updated_at": "2025-11-05 16:29:21"
    },
    {
        "id": 27,
        "category_id": null,
        "sku": "STER-001",
        "slug": "ster-001",
        "name": "Sterile Water",
        "description": "Água estéril para diluição",
        "price": "10.00",
        "price_compare": null,
        "currency": "USD",
        "shipping_cost": "7.00",
        "stock": 100,
        "image_path": "https:\/\/store.nestgeneralservices.company\/wp-content\/uploads\/2025\/09\/ChatGPT-Image-17-de-set.-de-2025-15_49_15.png",
        "square_payment_link": "",
        "square_credit_link": "",
        "square_debit_link": "",
        "square_afterpay_link": "",
        "stripe_payment_link": "",
        "active": 1,
        "featured": 0,
        "meta_title": null,
        "meta_description": null,
        "created_at": "2025-11-05 16:08:42",
        "updated_at": "2025-11-05 16:29:21"
    }
]