[
    {
        "id": 10,
        "name": "TIRZ",
        "slug": "tirz",
        "description": null,
        "image_path": null,
        "active": 1,
        "sort_order": 1,
        "created_at": "2025-11-02 08:49:32"
    },
    {
        "id": 11,
        "name": "RETA",
        "slug": "reta",
        "description": null,
        "image_path": null,
        "active": 1,
        "sort_order": 0,
        "created_at": "2025-11-02 08:49:37"
    },
    {
        "id": 12,
        "name": "VITAMINA",
        "slug": "vitamina",
        "description": null,
        "image_path": null,
        "active": 1,
        "sort_order": 0,
        "created_at": "2025-11-02 08:49:43"
    },
    {
        "id": 13,
        "name": "SUPLEMENTO",
        "slug": "suplemento",
        "description": null,
        "image_path": null,
        "active": 1,
        "sort_order": 0,
        "created_at": "2025-11-02 08:49:51"
    },
    {
        "id": 14,
        "name": "Analgésicos",
        "slug": "analgesicos",
        "description": "Medicamentos para alívio de dores e febres",
        "image_path": null,
        "active": 1,
        "sort_order": 0,
        "created_at": "2025-11-05 15:29:02"
    },
    {
        "id": 15,
        "name": "Antibióticos",
        "slug": "antibioticos",
        "description": "Medicamentos para combate a infecções",
        "image_path": null,
        "active": 1,
        "sort_order": 0,
        "created_at": "2025-11-05 15:29:02"
    },
    {
        "id": 16,
        "name": "Anti-inflamatórios",
        "slug": "anti-inflamatorios",
        "description": "Medicamentos para redução de inflamações",
        "image_path": null,
        "active": 1,
        "sort_order": 0,
        "created_at": "2025-11-05 15:29:02"
    },
    {
        "id": 17,
        "name": "Suplementos",
        "slug": "suplementos",
        "description": "Vitaminas e suplementos alimentares",
        "image_path": null,
        "active": 1,
        "sort_order": 0,
        "created_at": "2025-11-05 15:29:02"
    },
    {
        "id": 18,
        "name": "Digestivos",
        "slug": "digestivos",
        "description": "Medicamentos para problemas digestivos",
        "image_path": null,
        "active": 1,
        "sort_order": 0,
        "created_at": "2025-11-05 15:29:02"
    },
    {
        "id": 19,
        "name": "Cardiovasculares",
        "slug": "cardiovasculares",
        "description": "Medicamentos para coração e pressão",
        "image_path": null,
        "active": 1,
        "sort_order": 0,
        "created_at": "2025-11-05 15:29:02"
    },
    {
        "id": 20,
        "name": "Respiratórios",
        "slug": "respiratorios",
        "description": "Medicamentos para problemas respiratórios",
        "image_path": null,
        "active": 1,
        "sort_order": 0,
        "created_at": "2025-11-05 15:29:02"
    },
    {
        "id": 21,
        "name": "Dermatológicos",
        "slug": "dermatologicos",
        "description": "Medicamentos para pele",
        "image_path": null,
        "active": 1,
        "sort_order": 0,
        "created_at": "2025-11-05 15:29:02"
    },
    {
        "id": 22,
        "name": "Anticoncepcionais",
        "slug": "anticoncepcionais",
        "description": "Medicamentos anticoncepcionais",
        "image_path": null,
        "active": 1,
        "sort_order": 0,
        "created_at": "2025-11-05 15:29:02"
    }
]