[
    {
        "id": 1,
        "customer_id": 1,
        "items_json": "[{\\\"id\\\":13,\\\"name\\\":\\\"TIRZ 20 – Tirzepatide 20mg\\\",\\\"price\\\":250,\\\"qty\\\":1,\\\"sku\\\":\\\"TIRZ-001\\\",\\\"shipping_cost\\\":15,\\\"square_link\\\":\\\"https:\\\\\/\\\\\/square.link\\\\\/u\\\\\/eWMKPWit\\\",\\\"stripe_link\\\":\\\"\\\",\\\"currency\\\":\\\"USD\\\"}]",
        "subtotal": "250.00",
        "shipping_cost": "15.00",
        "total": "265.00",
        "currency": "USD",
        "payment_method": "square",
        "delivery_method_code": null,
        "delivery_method_label": null,
        "delivery_method_details": null,
        "payment_ref": "https:\/\/square.link\/u\/eWMKPWit",
        "payment_status": "pending",
        "status": "pending",
        "track_token": "9db37ae5b6ca3c2e228d71de0b91c427",
        "zelle_receipt": null,
        "notes": null,
        "admin_viewed": 0,
        "created_at": "2025-11-02 09:07:26",
        "updated_at": "2025-11-02 09:07:26"
    },
    {
        "id": 2,
        "customer_id": 2,
        "items_json": "[{\\\"id\\\":13,\\\"name\\\":\\\"TIRZ 20 – Tirzepatide 20mg\\\",\\\"price\\\":250,\\\"qty\\\":1,\\\"sku\\\":\\\"TIRZ-001\\\",\\\"shipping_cost\\\":0,\\\"square_link\\\":\\\"https:\\\\\/\\\\\/square.link\\\\\/u\\\\\/eWMKPWit\\\",\\\"stripe_link\\\":\\\"\\\",\\\"currency\\\":\\\"USD\\\"}]",
        "subtotal": "250.00",
        "shipping_cost": "0.00",
        "total": "250.00",
        "currency": "USD",
        "payment_method": "square",
        "delivery_method_code": null,
        "delivery_method_label": null,
        "delivery_method_details": null,
        "payment_ref": "https:\/\/square.link\/u\/eWMKPWit",
        "payment_status": "pending",
        "status": "pending",
        "track_token": "fed27261c159c724067bebdcb0f06a72",
        "zelle_receipt": null,
        "notes": null,
        "admin_viewed": 0,
        "created_at": "2025-11-02 13:57:33",
        "updated_at": "2025-11-02 13:57:33"
    },
    {
        "id": 3,
        "customer_id": 3,
        "items_json": "[{\\\"id\\\":13,\\\"name\\\":\\\"TIRZ 20 – Tirzepatide 20mg\\\",\\\"price\\\":250,\\\"qty\\\":1,\\\"sku\\\":\\\"TIRZ-001\\\",\\\"shipping_cost\\\":0,\\\"square_link\\\":\\\"https:\\\\\/\\\\\/square.link\\\\\/u\\\\\/eWMKPWit\\\",\\\"stripe_link\\\":\\\"\\\",\\\"currency\\\":\\\"USD\\\"}]",
        "subtotal": "250.00",
        "shipping_cost": "0.00",
        "total": "250.00",
        "currency": "USD",
        "payment_method": "square",
        "delivery_method_code": null,
        "delivery_method_label": null,
        "delivery_method_details": null,
        "payment_ref": "https:\/\/square.link\/u\/eWMKPWit",
        "payment_status": "pending",
        "status": "pending",
        "track_token": "734ca4beefbcfd6debb6ed8fe3176f49",
        "zelle_receipt": null,
        "notes": null,
        "admin_viewed": 0,
        "created_at": "2025-11-02 14:46:29",
        "updated_at": "2025-11-02 14:46:29"
    },
    {
        "id": 4,
        "customer_id": 4,
        "items_json": "[{\\\"id\\\":13,\\\"name\\\":\\\"TIRZ 20 – Tirzepatide 20mg\\\",\\\"price\\\":250,\\\"qty\\\":1,\\\"sku\\\":\\\"TIRZ-001\\\",\\\"shipping_cost\\\":0,\\\"square_link\\\":\\\"https:\\\\\/\\\\\/square.link\\\\\/u\\\\\/KvS3pgmm\\\",\\\"stripe_link\\\":\\\"\\\",\\\"currency\\\":\\\"USD\\\"}]",
        "subtotal": "250.00",
        "shipping_cost": "0.00",
        "total": "250.00",
        "currency": "USD",
        "payment_method": "square",
        "delivery_method_code": null,
        "delivery_method_label": null,
        "delivery_method_details": null,
        "payment_ref": "https:\/\/square.link\/u\/KvS3pgmm",
        "payment_status": "pending",
        "status": "paid",
        "track_token": "a656b769dae180f9a0aedc305061d700",
        "zelle_receipt": null,
        "notes": null,
        "admin_viewed": 0,
        "created_at": "2025-11-02 18:14:03",
        "updated_at": "2025-11-03 16:25:45"
    },
    {
        "id": 5,
        "customer_id": 5,
        "items_json": "[{\\\"id\\\":15,\\\"name\\\":\\\"TIRZ 15 – Tirzepatide 15mg\\\",\\\"price\\\":280,\\\"qty\\\":1,\\\"sku\\\":\\\"TIRZ-003\\\",\\\"shipping_cost\\\":15,\\\"square_link\\\":\\\"https:\\\\\/\\\\\/square.link\\\\\/u\\\\\/ItAGrpHg\\\",\\\"stripe_link\\\":\\\"\\\",\\\"currency\\\":\\\"USD\\\"}]",
        "subtotal": "280.00",
        "shipping_cost": "15.00",
        "total": "295.00",
        "currency": "USD",
        "payment_method": "square",
        "delivery_method_code": null,
        "delivery_method_label": null,
        "delivery_method_details": null,
        "payment_ref": "https:\/\/square.link\/u\/ItAGrpHg",
        "payment_status": "pending",
        "status": "paid",
        "track_token": "a947926aede43dc94c326d04ac0bb482",
        "zelle_receipt": null,
        "notes": null,
        "admin_viewed": 0,
        "created_at": "2025-11-02 21:30:41",
        "updated_at": "2025-11-03 16:25:30"
    },
    {
        "id": 6,
        "customer_id": 6,
        "items_json": "[{\\\"id\\\":15,\\\"name\\\":\\\"TIRZ 15 – Tirzepatide 15mg\\\",\\\"price\\\":280,\\\"qty\\\":1,\\\"sku\\\":\\\"TIRZ-003\\\",\\\"shipping_cost\\\":15,\\\"square_link\\\":\\\"https:\\\\\/\\\\\/square.link\\\\\/u\\\\\/ItAGrpHg\\\",\\\"stripe_link\\\":\\\"\\\",\\\"currency\\\":\\\"USD\\\"}]",
        "subtotal": "280.00",
        "shipping_cost": "15.00",
        "total": "295.00",
        "currency": "USD",
        "payment_method": "square",
        "delivery_method_code": null,
        "delivery_method_label": null,
        "delivery_method_details": null,
        "payment_ref": "https:\/\/square.link\/u\/ItAGrpHg",
        "payment_status": "pending",
        "status": "pending",
        "track_token": "aab8d2c4ea3ac666681204dafb7f9e82",
        "zelle_receipt": null,
        "notes": null,
        "admin_viewed": 0,
        "created_at": "2025-11-03 12:31:57",
        "updated_at": "2025-11-03 12:31:57"
    },
    {
        "id": 7,
        "customer_id": 7,
        "items_json": "[{\\\"id\\\":15,\\\"name\\\":\\\"TIRZ 15 – Tirzepatide 15mg\\\",\\\"price\\\":280,\\\"qty\\\":1,\\\"sku\\\":\\\"TIRZ-003\\\",\\\"shipping_cost\\\":15,\\\"square_link\\\":\\\"https:\\\\\/\\\\\/square.link\\\\\/u\\\\\/ItAGrpHg\\\",\\\"stripe_link\\\":\\\"\\\",\\\"currency\\\":\\\"USD\\\"}]",
        "subtotal": "280.00",
        "shipping_cost": "15.00",
        "total": "295.00",
        "currency": "USD",
        "payment_method": "square",
        "delivery_method_code": null,
        "delivery_method_label": null,
        "delivery_method_details": null,
        "payment_ref": "https:\/\/square.link\/u\/ItAGrpHg",
        "payment_status": "pending",
        "status": "paid",
        "track_token": "830c52e178d3b07ecf27c46bb7699a0d",
        "zelle_receipt": null,
        "notes": null,
        "admin_viewed": 0,
        "created_at": "2025-11-03 12:35:23",
        "updated_at": "2025-11-03 16:25:24"
    },
    {
        "id": 8,
        "customer_id": 8,
        "items_json": "[{\\\"id\\\":13,\\\"name\\\":\\\"TIRZ 20 – Tirzepatide 20mg\\\",\\\"price\\\":250,\\\"qty\\\":1,\\\"sku\\\":\\\"TIRZ-001\\\",\\\"shipping_cost\\\":0,\\\"square_link\\\":\\\"https:\\\\\/\\\\\/square.link\\\\\/u\\\\\/KvS3pgmm\\\",\\\"stripe_link\\\":\\\"\\\",\\\"currency\\\":\\\"USD\\\"}]",
        "subtotal": "250.00",
        "shipping_cost": "0.00",
        "total": "250.00",
        "currency": "USD",
        "payment_method": "square",
        "delivery_method_code": null,
        "delivery_method_label": null,
        "delivery_method_details": null,
        "payment_ref": "https:\/\/square.link\/u\/KvS3pgmm",
        "payment_status": "pending",
        "status": "pending",
        "track_token": "ab930f671e179b6371fbe495cc490640",
        "zelle_receipt": null,
        "notes": null,
        "admin_viewed": 0,
        "created_at": "2025-11-04 00:38:33",
        "updated_at": "2025-11-04 00:38:33"
    },
    {
        "id": 9,
        "customer_id": 9,
        "items_json": "[{\\\"id\\\":17,\\\"name\\\":\\\"TIRZ 60 – Tirzepatide 60mg\\\",\\\"price\\\":500,\\\"qty\\\":1,\\\"sku\\\":\\\"TIRZ-005\\\",\\\"shipping_cost\\\":15,\\\"square_link\\\":\\\"https:\\\\\/\\\\\/square.link\\\\\/u\\\\\/A69ku30z\\\",\\\"stripe_link\\\":\\\"\\\",\\\"currency\\\":\\\"USD\\\"}]",
        "subtotal": "500.00",
        "shipping_cost": "15.00",
        "total": "515.00",
        "currency": "USD",
        "payment_method": "zelle",
        "delivery_method_code": null,
        "delivery_method_label": null,
        "delivery_method_details": null,
        "payment_ref": "",
        "payment_status": "pending",
        "status": "pending",
        "track_token": "b853b38dba53aefa1e1b94132da5b639",
        "zelle_receipt": "storage\/zelle_receipts\/receipt_20251104_004140_8600c337.png",
        "notes": null,
        "admin_viewed": 0,
        "created_at": "2025-11-04 00:41:40",
        "updated_at": "2025-11-04 00:41:40"
    },
    {
        "id": 10,
        "customer_id": 10,
        "items_json": "[{\\\"id\\\":15,\\\"name\\\":\\\"TIRZ 15 – Tirzepatide 15mg\\\",\\\"price\\\":260,\\\"qty\\\":1,\\\"sku\\\":\\\"TIRZ-003\\\",\\\"shipping_cost\\\":15,\\\"square_link\\\":\\\"https:\\\\\/\\\\\/square.link\\\\\/u\\\\\/ItAGrpHg\\\",\\\"stripe_link\\\":\\\"\\\",\\\"currency\\\":\\\"USD\\\"}]",
        "subtotal": "260.00",
        "shipping_cost": "15.00",
        "total": "275.00",
        "currency": "USD",
        "payment_method": "square",
        "delivery_method_code": null,
        "delivery_method_label": null,
        "delivery_method_details": null,
        "payment_ref": "https:\/\/square.link\/u\/ItAGrpHg",
        "payment_status": "pending",
        "status": "pending",
        "track_token": "7491f04791a21249d38b96247af0f84a",
        "zelle_receipt": null,
        "notes": null,
        "admin_viewed": 0,
        "created_at": "2025-11-04 02:26:06",
        "updated_at": "2025-11-04 02:26:06"
    },
    {
        "id": 11,
        "customer_id": 11,
        "items_json": "[{\\\"id\\\":13,\\\"name\\\":\\\"TIRZ 20 – Tirzepatide 20mg\\\",\\\"price\\\":250,\\\"qty\\\":1,\\\"sku\\\":\\\"TIRZ-001\\\",\\\"shipping_cost\\\":0,\\\"square_link\\\":\\\"https:\\\\\/\\\\\/square.link\\\\\/u\\\\\/KvS3pgmm\\\",\\\"stripe_link\\\":\\\"\\\",\\\"currency\\\":\\\"USD\\\"}]",
        "subtotal": "250.00",
        "shipping_cost": "0.00",
        "total": "250.00",
        "currency": "USD",
        "payment_method": "zelle",
        "delivery_method_code": null,
        "delivery_method_label": null,
        "delivery_method_details": null,
        "payment_ref": "",
        "payment_status": "pending",
        "status": "pending",
        "track_token": "63209cec7b5c3e8986b8ea22fde1bcb9",
        "zelle_receipt": null,
        "notes": null,
        "admin_viewed": 0,
        "created_at": "2025-11-04 13:07:58",
        "updated_at": "2025-11-04 13:07:58"
    },
    {
        "id": 12,
        "customer_id": 12,
        "items_json": "[{\\\"id\\\":13,\\\"name\\\":\\\"TIRZ 20 – Tirzepatide 20mg\\\",\\\"price\\\":250,\\\"qty\\\":1,\\\"sku\\\":\\\"TIRZ-001\\\",\\\"shipping_cost\\\":0,\\\"square_link\\\":\\\"https:\\\\\/\\\\\/square.link\\\\\/u\\\\\/KvS3pgmm\\\",\\\"stripe_link\\\":\\\"\\\",\\\"currency\\\":\\\"USD\\\"}]",
        "subtotal": "250.00",
        "shipping_cost": "0.00",
        "total": "250.00",
        "currency": "USD",
        "payment_method": "zelle",
        "delivery_method_code": null,
        "delivery_method_label": null,
        "delivery_method_details": null,
        "payment_ref": "",
        "payment_status": "pending",
        "status": "canceled",
        "track_token": "cd1fd698a3fe9c35215d6b707d1b3c6e",
        "zelle_receipt": null,
        "notes": null,
        "admin_viewed": 0,
        "created_at": "2025-11-04 13:12:34",
        "updated_at": "2025-11-05 01:37:31"
    },
    {
        "id": 13,
        "customer_id": 13,
        "items_json": "[{\\\"id\\\":13,\\\"name\\\":\\\"TIRZ 20 – Tirzepatide 20mg\\\",\\\"price\\\":250,\\\"qty\\\":1,\\\"sku\\\":\\\"TIRZ-001\\\",\\\"shipping_cost\\\":0,\\\"square_link\\\":\\\"https:\\\\\/\\\\\/square.link\\\\\/u\\\\\/KvS3pgmm\\\",\\\"stripe_link\\\":\\\"\\\",\\\"currency\\\":\\\"USD\\\"}]",
        "subtotal": "250.00",
        "shipping_cost": "0.00",
        "total": "250.00",
        "currency": "USD",
        "payment_method": "zelle",
        "delivery_method_code": null,
        "delivery_method_label": null,
        "delivery_method_details": null,
        "payment_ref": "",
        "payment_status": "pending",
        "status": "pending",
        "track_token": "0062ff0f141a36334f308c8194296408",
        "zelle_receipt": null,
        "notes": null,
        "admin_viewed": 0,
        "created_at": "2025-11-04 13:15:19",
        "updated_at": "2025-11-04 13:15:19"
    },
    {
        "id": 14,
        "customer_id": 14,
        "items_json": "[{\\\"id\\\":13,\\\"name\\\":\\\"TIRZ 20 – Tirzepatide 20mg\\\",\\\"price\\\":250,\\\"qty\\\":2,\\\"sku\\\":\\\"TIRZ-001\\\",\\\"shipping_cost\\\":0,\\\"square_link\\\":\\\"https:\\\\\/\\\\\/square.link\\\\\/u\\\\\/KvS3pgmm\\\",\\\"stripe_link\\\":\\\"\\\",\\\"currency\\\":\\\"USD\\\"}]",
        "subtotal": "500.00",
        "shipping_cost": "0.00",
        "total": "500.00",
        "currency": "USD",
        "payment_method": "square",
        "delivery_method_code": null,
        "delivery_method_label": null,
        "delivery_method_details": null,
        "payment_ref": "https:\/\/square.link\/u\/KvS3pgmm",
        "payment_status": "pending",
        "status": "canceled",
        "track_token": "d979e3432e8e301829eac5a306c25684",
        "zelle_receipt": null,
        "notes": null,
        "admin_viewed": 0,
        "created_at": "2025-11-04 14:23:04",
        "updated_at": "2025-11-05 01:37:03"
    },
    {
        "id": 15,
        "customer_id": 15,
        "items_json": "[{\\\"id\\\":13,\\\"name\\\":\\\"TIRZ 20 – Tirzepatide 20mg\\\",\\\"price\\\":250,\\\"qty\\\":2,\\\"sku\\\":\\\"TIRZ-001\\\",\\\"shipping_cost\\\":0,\\\"square_link\\\":\\\"https:\\\\\/\\\\\/square.link\\\\\/u\\\\\/KvS3pgmm\\\",\\\"stripe_link\\\":\\\"\\\",\\\"currency\\\":\\\"USD\\\"}]",
        "subtotal": "500.00",
        "shipping_cost": "0.00",
        "total": "500.00",
        "currency": "USD",
        "payment_method": "square",
        "delivery_method_code": null,
        "delivery_method_label": null,
        "delivery_method_details": null,
        "payment_ref": "https:\/\/square.link\/u\/KvS3pgmm",
        "payment_status": "pending",
        "status": "paid",
        "track_token": "49ec907b018c2fd8039a21263af130cb",
        "zelle_receipt": null,
        "notes": null,
        "admin_viewed": 0,
        "created_at": "2025-11-04 14:25:02",
        "updated_at": "2025-11-05 01:32:56"
    },
    {
        "id": 16,
        "customer_id": 16,
        "items_json": "[{\\\"id\\\":13,\\\"name\\\":\\\"TIRZ 20 – Tirzepatide 20mg\\\",\\\"price\\\":250,\\\"qty\\\":1,\\\"sku\\\":\\\"TIRZ-001\\\",\\\"shipping_cost\\\":0,\\\"square_link\\\":\\\"https:\\\\\/\\\\\/square.link\\\\\/u\\\\\/KvS3pgmm\\\",\\\"stripe_link\\\":\\\"\\\",\\\"currency\\\":\\\"USD\\\"}]",
        "subtotal": "250.00",
        "shipping_cost": "0.00",
        "total": "250.00",
        "currency": "USD",
        "payment_method": "zelle",
        "delivery_method_code": "standard",
        "delivery_method_label": "Entrega padrão (5-7 dias)",
        "delivery_method_details": "Envio com rastreio para todos os Estados Unidos. Prazo estimado de 5 a 7 dias úteis.",
        "payment_ref": "",
        "payment_status": "pending",
        "status": "paid",
        "track_token": "046f57b71891a56ca7775ebf06ac8eaf",
        "zelle_receipt": null,
        "notes": null,
        "admin_viewed": 0,
        "created_at": "2025-11-04 17:17:10",
        "updated_at": "2025-11-05 01:34:11"
    },
    {
        "id": 17,
        "customer_id": 17,
        "items_json": "[{\\\"id\\\":13,\\\"name\\\":\\\"TIRZ 20 – Tirzepatide 20mg\\\",\\\"price\\\":250,\\\"qty\\\":1,\\\"sku\\\":\\\"TIRZ-001\\\",\\\"shipping_cost\\\":0,\\\"square_link\\\":\\\"https:\\\\\/\\\\\/square.link\\\\\/u\\\\\/KvS3pgmm\\\",\\\"stripe_link\\\":\\\"\\\",\\\"currency\\\":\\\"USD\\\"}]",
        "subtotal": "250.00",
        "shipping_cost": "0.00",
        "total": "250.00",
        "currency": "USD",
        "payment_method": "square",
        "delivery_method_code": "standard",
        "delivery_method_label": "Entrega padrão (5-7 dias)",
        "delivery_method_details": "Envio com rastreio para todos os Estados Unidos. Prazo estimado de 5 a 7 dias úteis.",
        "payment_ref": "https:\/\/square.link\/u\/KvS3pgmm",
        "payment_status": "pending",
        "status": "pending",
        "track_token": "398682cc76797cb6d4fa9fbba143ff00",
        "zelle_receipt": null,
        "notes": null,
        "admin_viewed": 0,
        "created_at": "2025-11-04 23:41:27",
        "updated_at": "2025-11-04 23:41:27"
    },
    {
        "id": 18,
        "customer_id": 18,
        "items_json": "[{\\\"id\\\":16,\\\"name\\\":\\\"TIRZ 40 – Tirzepatide 40mg\\\",\\\"price\\\":400,\\\"qty\\\":1,\\\"sku\\\":\\\"TIRZ-004\\\",\\\"shipping_cost\\\":15,\\\"square_link\\\":\\\"https:\\\\\/\\\\\/square.link\\\\\/u\\\\\/cilVU3dw\\\",\\\"stripe_link\\\":\\\"\\\",\\\"currency\\\":\\\"USD\\\"}]",
        "subtotal": "400.00",
        "shipping_cost": "15.00",
        "total": "415.00",
        "currency": "USD",
        "payment_method": "square",
        "delivery_method_code": null,
        "delivery_method_label": null,
        "delivery_method_details": null,
        "payment_ref": "https:\/\/square.link\/u\/cilVU3dw",
        "payment_status": "pending",
        "status": "pending",
        "track_token": "4516db606fd9f98b93b8814b430a9a28",
        "zelle_receipt": null,
        "notes": null,
        "admin_viewed": 0,
        "created_at": "2025-11-05 00:35:30",
        "updated_at": "2025-11-05 00:35:30"
    },
    {
        "id": 19,
        "customer_id": 19,
        "items_json": "[{\\\"id\\\":17,\\\"name\\\":\\\"TIRZ 60 – Tirzepatide 60mg\\\",\\\"price\\\":500,\\\"qty\\\":1,\\\"sku\\\":\\\"TIRZ-005\\\",\\\"shipping_cost\\\":15,\\\"square_link\\\":\\\"https:\\\\\/\\\\\/square.link\\\\\/u\\\\\/A69ku30z\\\",\\\"stripe_link\\\":\\\"\\\",\\\"currency\\\":\\\"USD\\\"}]",
        "subtotal": "500.00",
        "shipping_cost": "15.00",
        "total": "515.00",
        "currency": "USD",
        "payment_method": "square",
        "delivery_method_code": null,
        "delivery_method_label": null,
        "delivery_method_details": null,
        "payment_ref": "https:\/\/square.link\/u\/A69ku30z",
        "payment_status": "pending",
        "status": "paid",
        "track_token": "e19efce6433d551937d896ee2aa607ec",
        "zelle_receipt": null,
        "notes": null,
        "admin_viewed": 0,
        "created_at": "2025-11-05 01:25:57",
        "updated_at": "2025-11-05 01:28:49"
    },
    {
        "id": 20,
        "customer_id": 20,
        "items_json": "[{\\\"id\\\":13,\\\"name\\\":\\\"TIRZ 20 – Tirzepatide 20mg\\\",\\\"price\\\":250,\\\"qty\\\":1,\\\"sku\\\":\\\"TIRZ-001\\\",\\\"shipping_cost\\\":0,\\\"square_link\\\":\\\"https:\\\\\/\\\\\/square.link\\\\\/u\\\\\/KvS3pgmm\\\",\\\"stripe_link\\\":\\\"\\\",\\\"currency\\\":\\\"USD\\\"}]",
        "subtotal": "250.00",
        "shipping_cost": "0.00",
        "total": "250.00",
        "currency": "USD",
        "payment_method": "zelle",
        "delivery_method_code": null,
        "delivery_method_label": null,
        "delivery_method_details": null,
        "payment_ref": "",
        "payment_status": "pending",
        "status": "pending",
        "track_token": "a95eae864dadf81ae0b79b87ad008d8f",
        "zelle_receipt": null,
        "notes": null,
        "admin_viewed": 0,
        "created_at": "2025-11-05 02:36:52",
        "updated_at": "2025-11-05 02:36:52"
    },
    {
        "id": 21,
        "customer_id": 21,
        "items_json": "[{\\\"id\\\":13,\\\"name\\\":\\\"TIRZ 20 – Tirzepatide 20mg\\\",\\\"price\\\":250,\\\"qty\\\":1,\\\"sku\\\":\\\"TIRZ-001\\\",\\\"shipping_cost\\\":0,\\\"square_link\\\":\\\"https:\\\\\/\\\\\/square.link\\\\\/u\\\\\/KvS3pgmm\\\",\\\"stripe_link\\\":\\\"\\\",\\\"currency\\\":\\\"USD\\\"}]",
        "subtotal": "250.00",
        "shipping_cost": "0.00",
        "total": "250.00",
        "currency": "USD",
        "payment_method": "square",
        "delivery_method_code": null,
        "delivery_method_label": null,
        "delivery_method_details": null,
        "payment_ref": "https:\/\/square.link\/u\/KvS3pgmm",
        "payment_status": "pending",
        "status": "pending",
        "track_token": "c698ca85ee9938679841e40b24f46eff",
        "zelle_receipt": null,
        "notes": null,
        "admin_viewed": 0,
        "created_at": "2025-11-05 07:38:32",
        "updated_at": "2025-11-05 07:38:32"
    },
    {
        "id": 22,
        "customer_id": 22,
        "items_json": "[{\\\"id\\\":14,\\\"name\\\":\\\"TIRZ 30 – Tirzepatide 30mg\\\",\\\"price\\\":350,\\\"qty\\\":1,\\\"sku\\\":\\\"TIRZ-002\\\",\\\"shipping_cost\\\":15,\\\"square_link\\\":\\\"https:\\\\\/\\\\\/square.link\\\\\/u\\\\\/l9KQMPhT\\\",\\\"stripe_link\\\":\\\"\\\",\\\"currency\\\":\\\"USD\\\"}]",
        "subtotal": "350.00",
        "shipping_cost": "15.00",
        "total": "365.00",
        "currency": "USD",
        "payment_method": "square",
        "delivery_method_code": null,
        "delivery_method_label": null,
        "delivery_method_details": null,
        "payment_ref": "https:\/\/square.link\/u\/l9KQMPhT",
        "payment_status": "pending",
        "status": "pending",
        "track_token": "7481ffad852ac30dfa4358edbe23d886",
        "zelle_receipt": null,
        "notes": null,
        "admin_viewed": 0,
        "created_at": "2025-11-05 15:55:55",
        "updated_at": "2025-11-05 15:55:55"
    },
    {
        "id": 23,
        "customer_id": 23,
        "items_json": "[{\\\"id\\\":78,\\\"name\\\":\\\"TIRZ 30 – Tirzepatide 30mg\\\",\\\"price\\\":370,\\\"qty\\\":1,\\\"sku\\\":\\\"TIRZ-002\\\",\\\"shipping_cost\\\":7,\\\"square_link\\\":\\\"https:\\\\\/\\\\\/square.link\\\\\/u\\\\\/l9KQMPhT\\\",\\\"stripe_link\\\":\\\"\\\",\\\"currency\\\":\\\"USD\\\"}]",
        "subtotal": "370.00",
        "shipping_cost": "7.00",
        "total": "377.00",
        "currency": "USD",
        "payment_method": "square",
        "delivery_method_code": null,
        "delivery_method_label": null,
        "delivery_method_details": null,
        "payment_ref": "https:\/\/square.link\/u\/l9KQMPhT",
        "payment_status": "pending",
        "status": "pending",
        "track_token": "634dd5a55d6a2efa282c8e6b8cd756e3",
        "zelle_receipt": null,
        "notes": null,
        "admin_viewed": 0,
        "created_at": "2025-11-05 16:50:50",
        "updated_at": "2025-11-05 16:50:50"
    },
    {
        "id": 24,
        "customer_id": 24,
        "items_json": "[{\\\"id\\\":79,\\\"name\\\":\\\"TIRZ 15 – Tirzepatide 15mg\\\",\\\"price\\\":280,\\\"qty\\\":1,\\\"sku\\\":\\\"TIRZ-003\\\",\\\"shipping_cost\\\":7,\\\"square_link\\\":\\\"https:\\\\\/\\\\\/square.link\\\\\/u\\\\\/ItAGrpHg\\\",\\\"stripe_link\\\":\\\"\\\",\\\"currency\\\":\\\"USD\\\"}]",
        "subtotal": "280.00",
        "shipping_cost": "7.00",
        "total": "287.00",
        "currency": "USD",
        "payment_method": "zelle",
        "delivery_method_code": null,
        "delivery_method_label": null,
        "delivery_method_details": null,
        "payment_ref": "",
        "payment_status": "pending",
        "status": "pending",
        "track_token": "a42b9eff0a4674b60cf7d6efe0b39f42",
        "zelle_receipt": null,
        "notes": null,
        "admin_viewed": 0,
        "created_at": "2025-11-05 19:11:33",
        "updated_at": "2025-11-05 19:11:33"
    },
    {
        "id": 25,
        "customer_id": 25,
        "items_json": "[{\\\"id\\\":13,\\\"name\\\":\\\"TIRZ 20 – Tirzepatide 20mg\\\",\\\"price\\\":320,\\\"qty\\\":1,\\\"sku\\\":\\\"TIRZ-001\\\",\\\"shipping_cost\\\":7,\\\"square_link\\\":\\\"https:\\\\\/\\\\\/square.link\\\\\/u\\\\\/KvS3pgmm\\\",\\\"stripe_link\\\":\\\"\\\",\\\"currency\\\":\\\"USD\\\"}]",
        "subtotal": "320.00",
        "shipping_cost": "7.00",
        "total": "327.00",
        "currency": "USD",
        "payment_method": "zelle",
        "delivery_method_code": null,
        "delivery_method_label": null,
        "delivery_method_details": null,
        "payment_ref": "",
        "payment_status": "pending",
        "status": "pending",
        "track_token": "0ed65d3aed7c0c808f83d112eaf1f9be",
        "zelle_receipt": null,
        "notes": null,
        "admin_viewed": 0,
        "created_at": "2025-11-05 19:14:25",
        "updated_at": "2025-11-05 19:14:25"
    },
    {
        "id": 26,
        "customer_id": 26,
        "items_json": "[{\\\"id\\\":13,\\\"name\\\":\\\"TIRZ 20 – Tirzepatide 20mg\\\",\\\"price\\\":250,\\\"qty\\\":1,\\\"sku\\\":\\\"TIRZ-001\\\",\\\"shipping_cost\\\":0,\\\"square_link\\\":\\\"https:\\\\\/\\\\\/square.link\\\\\/u\\\\\/KvS3pgmm\\\",\\\"stripe_link\\\":\\\"\\\",\\\"currency\\\":\\\"USD\\\"}]",
        "subtotal": "250.00",
        "shipping_cost": "0.00",
        "total": "250.00",
        "currency": "USD",
        "payment_method": "square",
        "delivery_method_code": null,
        "delivery_method_label": null,
        "delivery_method_details": null,
        "payment_ref": "https:\/\/square.link\/u\/KvS3pgmm",
        "payment_status": "pending",
        "status": "pending",
        "track_token": "ba7341e8cfade7ff994f26da835fc05c",
        "zelle_receipt": null,
        "notes": null,
        "admin_viewed": 0,
        "created_at": "2025-11-05 19:32:53",
        "updated_at": "2025-11-05 19:32:53"
    },
    {
        "id": 27,
        "customer_id": 27,
        "items_json": "[{\\\"id\\\":13,\\\"name\\\":\\\"TIRZ 20 – Tirzepatide 20mg\\\",\\\"price\\\":250,\\\"qty\\\":1,\\\"sku\\\":\\\"TIRZ-001\\\",\\\"shipping_cost\\\":0,\\\"square_link\\\":\\\"https:\\\\\/\\\\\/square.link\\\\\/u\\\\\/KvS3pgmm\\\",\\\"stripe_link\\\":\\\"\\\",\\\"currency\\\":\\\"USD\\\"}]",
        "subtotal": "250.00",
        "shipping_cost": "0.00",
        "total": "250.00",
        "currency": "USD",
        "payment_method": "square",
        "delivery_method_code": null,
        "delivery_method_label": null,
        "delivery_method_details": null,
        "payment_ref": "https:\/\/square.link\/u\/KvS3pgmm",
        "payment_status": "pending",
        "status": "pending",
        "track_token": "0f9a0ebd464f76c901fa15780e7a729c",
        "zelle_receipt": null,
        "notes": null,
        "admin_viewed": 0,
        "created_at": "2025-11-05 19:34:00",
        "updated_at": "2025-11-05 19:34:00"
    },
    {
        "id": 28,
        "customer_id": 28,
        "items_json": "[{\\\"id\\\":13,\\\"name\\\":\\\"TIRZ 20 – Tirzepatide 20mg\\\",\\\"price\\\":250,\\\"qty\\\":1,\\\"sku\\\":\\\"TIRZ-001\\\",\\\"shipping_cost\\\":0,\\\"square_link\\\":\\\"https:\\\\\/\\\\\/square.link\\\\\/u\\\\\/KvS3pgmm\\\",\\\"stripe_link\\\":\\\"\\\",\\\"currency\\\":\\\"USD\\\"}]",
        "subtotal": "250.00",
        "shipping_cost": "0.00",
        "total": "250.00",
        "currency": "USD",
        "payment_method": "square",
        "delivery_method_code": null,
        "delivery_method_label": null,
        "delivery_method_details": null,
        "payment_ref": "https:\/\/square.link\/u\/KvS3pgmm",
        "payment_status": "pending",
        "status": "pending",
        "track_token": "4a306bdf663d60a1e5cffcd87a5cb19e",
        "zelle_receipt": null,
        "notes": null,
        "admin_viewed": 0,
        "created_at": "2025-11-05 19:35:41",
        "updated_at": "2025-11-05 19:35:41"
    }
]