[
    {
        "id": 1,
        "code": "pix",
        "name": "Pix",
        "description": null,
        "instructions": "Use o Pix para pagar seu pedido. Valor: {valor_pedido}.\\\\nChave: {pix_key}",
        "settings": null,
        "icon_path": null,
        "is_active": 0,
        "require_receipt": 0,
        "sort_order": 10,
        "created_at": "2025-11-02 05:37:31",
        "updated_at": "2025-11-02 09:00:46"
    },
    {
        "id": 2,
        "code": "zelle",
        "name": "Zelle",
        "description": "",
        "instructions": "💰 Zelle\\r\\nZelle: (978) 901-4603 ou 978 901 4603\\r\\nNome: Get Power Research Business\\r\\n\\r\\n📌\\r\\nObs: Coloque APENAS O NÚMERO DO PEDIDO\\r\\nna mensagem do Zelle.\\r\\n\\r\\nApós o pagamento, você pode enviar um e-mail com o comprovante de pagamento juntamente APENAS O NÚMERO DO PEDIDO\\r\\n\\r\\n📧 para o e-mail: getpowerresearch9@gmail.com\\r\\n\\r\\n⚠️ ATENÇÃO SOBRE SUA MENSAGEM DE PAGAMENTO\\r\\n\\r\\nOlá! Segue as regras abaixo para que seu pedido não seja cancelado:\\r\\n\\r\\nSempre escreva apenas o número do seu pedido no campo de mensagem.\\r\\n\\r\\nEXEMPLO:\\r\\nAPENAS O NÚMERO DO PEDIDO\\r\\n\\r\\nLAST FOUR DIGITS: 4603\\r\\n\\r\\n📧 para o e-mail: getpowerresearch9@gmail.com\\r\\n\\r\\n📌⚠️ Mensagens contendo nomes de medicamentos, nomes de pessoas ou qualquer outro texto fora o número do pedido causarão cancelamento automático da próxima compra, por motivos de segurança bancária e contábil.\\r\\n\\r\\n📌⚠️ Mensagens em branco ou com emojis também não são aceitas e podem atrasar o envio da sua compra.\\r\\n\\r\\nEsse procedimento é essencial para mantermos nosso sistema de envios seguro, organizado e funcionando corretamente.\\r\\n\\r\\nAgradecemos a sua atenção e compreensão.\\r\\n\\r\\n📌 ATENÇÃO!\\r\\n\\r\\n⏳💰 Você tem até 3 dias para efetuar o pagamento.\\r\\nApós os 3 dias, se o pagamento não for realizado, seu pedido será cancelado.\\r\\n\\r\\nEnvie o valor de {valor_pedido} via Zelle para {account_value}. Anexe o comprovante se solicitado.",
        "settings": null,
        "icon_path": null,
        "is_active": 1,
        "require_receipt": 0,
        "sort_order": 20,
        "created_at": "2025-11-02 05:37:31",
        "updated_at": "2025-11-04 18:06:06"
    },
    {
        "id": 3,
        "code": "venmo",
        "name": "Venmo",
        "description": null,
        "instructions": "Pague {valor_pedido} via Venmo. Link: {venmo_link}.",
        "settings": null,
        "icon_path": null,
        "is_active": 0,
        "require_receipt": 1,
        "sort_order": 30,
        "created_at": "2025-11-02 05:37:31",
        "updated_at": "2025-11-02 09:01:27"
    },
    {
        "id": 4,
        "code": "paypal",
        "name": "PayPal",
        "description": null,
        "instructions": "Após finalizar, você será direcionado ao PayPal com o valor {valor_pedido}.",
        "settings": null,
        "icon_path": null,
        "is_active": 0,
        "require_receipt": 0,
        "sort_order": 40,
        "created_at": "2025-11-02 05:37:31",
        "updated_at": "2025-11-02 09:01:30"
    },
    {
        "id": 5,
        "code": "square",
        "name": "Cartão de crédito",
        "description": null,
        "instructions": "Abriremos o checkout de cartão de crédito em uma nova aba para concluir o pagamento.",
        "settings": null,
        "icon_path": null,
        "is_active": 1,
        "require_receipt": 0,
        "sort_order": 50,
        "created_at": "2025-11-02 05:37:31",
        "updated_at": "2025-11-02 08:37:31"
    },
    {
        "id": 6,
        "code": "whatsapp",
        "name": "WhatsApp",
        "description": null,
        "instructions": "Finalize seu pedido conversando com nossa equipe pelo WhatsApp: {whatsapp_link}.",
        "settings": null,
        "icon_path": null,
        "is_active": 0,
        "require_receipt": 0,
        "sort_order": 60,
        "created_at": "2025-11-02 05:37:31",
        "updated_at": "2025-11-02 09:01:34"
    }
]